key,constituency-key,win,name,gender,age,party-key,incumbent,former,profession,votes,party-list
1,1,FALSE,"船橋利実",male,56,4,TRUE,FALSE,"第一選挙区支部長",120987,TRUE
2,1,TRUE,"道下大樹",male,41,5,FALSE,FALSE,"",139110,TRUE
3,2,FALSE,"松木けんこう",male,58,6,FALSE,TRUE,"信社取締役副社長",74425,TRUE
4,2,FALSE,"こわだ康文",male,47,7,FALSE,FALSE,"行政書士",21643,TRUE
5,2,FALSE,"金倉まさとし",male,43,8,FALSE,FALSE,"委員会副委員長",52626,TRUE
6,2,TRUE,"よしかわ貴盛",male,67,4,FALSE,TRUE,"第二選挙区支部長",104824,TRUE
7,3,TRUE,"荒井さとし",male,71,5,FALSE,TRUE,"法人役員",141680,TRUE
8,3,FALSE,"高木ひろひさ",male,57,4,FALSE,TRUE,"選挙区支部長",118961,TRUE
9,4,FALSE,"本多平直",male,52,5,TRUE,FALSE,"区総支部代表",90619,TRUE
10,4,TRUE,"中村ひろゆき",male,56,4,FALSE,TRUE,"選挙区支部長",104054,TRUE
11,4,FALSE,"高橋みほ",female,52,6,TRUE,FALSE,"行政書士",31941,TRUE
12,5,FALSE,"池田まき",female,45,5,FALSE,FALSE,"社会福祉士",135948,TRUE
13,5,FALSE,"森山よしのり",male,50,9,FALSE,FALSE,"団体職員",7632,FALSE
14,5,TRUE,"和田よしあき",male,46,4,FALSE,TRUE,"選挙区支部長",142687,TRUE
15,6,FALSE,"今津ひろし",male,71,4,FALSE,TRUE,"第６選挙区支部長",113851,TRUE
16,6,TRUE,"ささき隆博",male,68,5,FALSE,TRUE,"農業",136312,FALSE
17,7,TRUE,"伊東よしたか",male,68,4,FALSE,TRUE,"第七選挙区支部支",95200,TRUE
18,7,FALSE,"石川明美",male,66,8,FALSE,FALSE,"政党役員",47740,FALSE
19,8,TRUE,"おおさか誠二",male,58,1,FALSE,TRUE,"無職",125771,FALSE
20,8,FALSE,"前田一男",male,51,4,FALSE,TRUE,"選挙区支部長",101243,TRUE
21,9,FALSE,"山岡達丸",male,38,6,TRUE,FALSE,"政党役員",88320,TRUE
22,9,TRUE,"ほりい学",male,45,4,FALSE,TRUE,"第九選挙区支部長",108747,TRUE
23,9,FALSE,"松橋ちはる",female,35,8,FALSE,FALSE,"政・道政対策委員",35543,FALSE
24,10,TRUE,"いなつ久",male,59,2,FALSE,TRUE,"政党役員",96795,FALSE
25,10,FALSE,"神谷ひろし",male,49,5,FALSE,FALSE,"政党役員",96282,TRUE
26,11,TRUE,"石川かおり",female,33,5,FALSE,FALSE,"無職",98214,TRUE
27,11,FALSE,"中川ゆうこ",female,58,4,FALSE,TRUE,"第十一選挙区支部",82096,TRUE
28,12,TRUE,"武部あらた",male,47,4,FALSE,TRUE,"選挙区支部長",97113,TRUE
29,12,FALSE,"水上みか",female,35,6,FALSE,FALSE,"政党役員",58422,TRUE
30,12,FALSE,"菅原まこと",male,44,8,FALSE,FALSE,"党北見地区委員長",23830,FALSE
31,13,TRUE,"つしま淳",male,51,4,FALSE,TRUE,"選挙区支部長",103177,TRUE
32,13,FALSE,"赤平ゆうと",male,27,8,FALSE,FALSE,"政党役員",20497,FALSE
33,13,FALSE,"ますた世喜男",male,60,6,FALSE,TRUE,"希望の党幹事",64173,TRUE
34,14,FALSE,"工藤たけし",male,45,6,FALSE,FALSE,"政党役員",56011,TRUE
35,14,FALSE,"奥本なおみ",female,57,8,FALSE,FALSE,"政党役員",19004,FALSE
36,14,TRUE,"大島理森",male,71,4,FALSE,TRUE,"農業",133545,TRUE
37,15,FALSE,"三国ゆうき",male,32,9,FALSE,FALSE,"団体役員",4115,FALSE
38,15,TRUE,"木村次郎",male,49,4,FALSE,FALSE,"無職",128740,TRUE
39,15,FALSE,"山内たかし",male,62,6,FALSE,FALSE,"無職",51096,TRUE
40,15,FALSE,"高柳ひろあき",male,47,8,FALSE,FALSE,"政党役員",16510,FALSE
41,16,FALSE,"高橋ひなこ",female,59,4,FALSE,TRUE,"選挙区支部長",57381,TRUE
42,16,FALSE,"吉田恭子",female,36,8,FALSE,FALSE,"政党役員",21549,TRUE
43,16,TRUE,"しなたけし",male,51,6,FALSE,TRUE,"政党役員",87534,TRUE
44,17,FALSE,"畑こうじ",male,54,6,TRUE,FALSE,"団体役員",98842,TRUE
45,17,TRUE,"すずき俊一",male,64,4,FALSE,TRUE,"選挙区支部長",129884,TRUE
46,18,TRUE,"小沢一郎",male,75,1,FALSE,TRUE,"政党役員",130229,FALSE
47,18,FALSE,"藤原たかし",male,34,4,FALSE,TRUE,"選挙区支部長",96571,TRUE
48,19,TRUE,"土井とおる",male,59,4,FALSE,TRUE,"第一選挙区支部長",100123,TRUE
49,19,FALSE,"岡本あき子",female,53,5,FALSE,FALSE,"政党役員",78704,TRUE
50,19,FALSE,"畠山まさき",male,43,7,FALSE,FALSE,"医師",10001,TRUE
51,19,FALSE,"伊藤ゆうた",male,32,6,FALSE,FALSE,"政党役員",24047,TRUE
52,19,FALSE,"油井てつし",male,37,9,FALSE,FALSE,"団体職員",2413,FALSE
53,19,FALSE,"今留尚人",male,52,1,FALSE,FALSE,"医師",1547,FALSE
54,20,TRUE,"秋葉けんや",male,55,4,FALSE,TRUE,"第二選挙区支部長",111559,TRUE
55,20,FALSE,"鎌田さゆり",female,52,1,TRUE,FALSE,"政党役員",110243,FALSE
56,21,FALSE,"いちじょう芳弘",male,44,6,FALSE,FALSE,"政党役員",40670,TRUE
57,21,FALSE,"吉田ごう",male,35,8,FALSE,FALSE,"政党役員",20469,FALSE
58,21,TRUE,"西村あきひろ",male,57,4,FALSE,TRUE,"第三選挙区支部長",92893,TRUE
59,22,TRUE,"いとう信太郎",male,64,4,FALSE,TRUE,"選挙区支部長",73298,TRUE
60,22,FALSE,"坂東たけひこ",male,58,6,FALSE,FALSE,"医師",34424,TRUE
61,22,FALSE,"たかむら直也",male,34,8,FALSE,FALSE,"政党役員",17688,FALSE
62,23,FALSE,"かつぬま栄明",male,42,4,FALSE,TRUE,"医師",50496,TRUE
63,23,TRUE,"安住淳",male,55,1,FALSE,TRUE,"政党役員",89423,FALSE
64,24,TRUE,"小野寺五典",male,57,4,FALSE,TRUE,"防衛大臣",123871,TRUE
65,24,FALSE,"横田有史",male,73,8,FALSE,FALSE,"政党役員",20638,FALSE
66,25,TRUE,"とがし博之",male,62,4,FALSE,TRUE,"選挙区支部長",79442,TRUE
67,25,FALSE,"松浦ダイゴ",male,48,6,FALSE,FALSE,"無職",53851,TRUE
68,25,FALSE,"さいとう大悟",male,38,8,FALSE,FALSE,"政党役員",14584,FALSE
69,26,TRUE,"かねだ勝年",male,68,4,FALSE,TRUE,"選挙区支部長",74835,TRUE
70,26,FALSE,"藤本ゆり",female,38,8,FALSE,FALSE,"政党役員",13642,FALSE
71,26,FALSE,"緑川たかし",male,32,6,FALSE,FALSE,"政党役員",73163,TRUE
72,27,FALSE,"村岡としひで",male,57,6,FALSE,TRUE,"政治団体代表",93746,TRUE
73,27,TRUE,"みのり川信英",male,53,4,FALSE,TRUE,"選挙区支部長",107432,TRUE
74,27,FALSE,"冨岡あきら",male,67,8,FALSE,FALSE,"政党役員",11274,FALSE
75,28,TRUE,"えんどう利明",male,67,4,FALSE,TRUE,"団体役員",104227,TRUE
76,28,FALSE,"あらい寛",male,44,6,FALSE,FALSE,"総支部長",62407,TRUE
77,28,FALSE,"石川渉",male,43,8,FALSE,FALSE,"政党役員",15354,FALSE
78,29,TRUE,"すずきのりかず",male,35,4,FALSE,TRUE,"選挙区支部長",109949,TRUE
79,29,FALSE,"近藤ようすけ",male,52,6,FALSE,TRUE,"前衆議院議員",92035,TRUE
80,29,FALSE,"岩本こうじ",male,52,8,FALSE,FALSE,"政党役員",10923,FALSE
81,30,FALSE,"しろとり良太",male,40,9,FALSE,FALSE,"本部代表",2329,FALSE
82,30,TRUE,"かとう鮎子",female,38,4,FALSE,TRUE,"選挙区支部長",103973,TRUE
83,30,FALSE,"加藤太一",male,66,8,FALSE,FALSE,"",11242,FALSE
84,30,FALSE,"あべ寿一",male,58,6,TRUE,FALSE,"無職",81708,TRUE
85,31,TRUE,"かねこ恵美",female,52,1,FALSE,TRUE,"政党役員",126664,FALSE
86,31,FALSE,"亀岡よしたみ",male,62,4,FALSE,TRUE,"選挙区支部長",113514,TRUE
87,32,TRUE,"根本匠",male,66,4,FALSE,TRUE,"選挙区支部長",96892,TRUE
88,32,FALSE,"たいら善彦",male,65,8,FALSE,FALSE,"政党役員",18279,FALSE
89,32,FALSE,"岡部みつのり",male,49,6,FALSE,FALSE,"医師",59377,TRUE
90,32,FALSE,"西村えみ",female,54,7,FALSE,FALSE,"会社員",9685,TRUE
91,33,FALSE,"橋本けんじ",male,69,8,FALSE,FALSE,"政党役員",11196,FALSE
92,33,FALSE,"上杉けんたろう",male,42,4,FALSE,FALSE,"自由民主党福島県",60006,TRUE
93,33,TRUE,"げんば光一郎",male,53,1,FALSE,TRUE,"政党役員",92930,FALSE
94,34,FALSE,"渡辺としお",male,68,3,FALSE,FALSE,"団体役員",8063,TRUE
95,34,FALSE,"おぐま慎司",male,49,6,FALSE,TRUE,"政党役員",67073,TRUE
96,34,FALSE,"古川よしのり",male,66,8,FALSE,FALSE,"政党役員",9492,FALSE
97,34,TRUE,"かんけ一郎",male,62,4,FALSE,TRUE,"選挙区支部長",68282,TRUE
98,35,TRUE,"吉野まさよし",male,69,4,FALSE,TRUE,"復興大臣",86461,TRUE
99,35,FALSE,"吉田泉",male,68,6,FALSE,TRUE,"政党役員",51478,TRUE
100,35,FALSE,"くまがい智",male,37,8,FALSE,FALSE,"政党役員",16154,FALSE
101,35,FALSE,"えんどう陽子",female,67,3,FALSE,FALSE,"団体役員",7186,TRUE
102,36,FALSE,"かわべ賢一",male,30,9,FALSE,FALSE,"団体職員",2564,FALSE
103,36,FALSE,"福島のぶゆき",male,47,6,FALSE,TRUE,"政党役員",82835,TRUE
104,36,TRUE,"田所よしのり",male,63,4,FALSE,TRUE,"選挙区支部長",100875,TRUE
105,36,FALSE,"大内くみ子",female,68,8,FALSE,FALSE,"団体役員",22034,TRUE
106,37,FALSE,"星野文雄",male,69,8,FALSE,FALSE,"政党役員",14675,FALSE
107,37,TRUE,"ぬかが福志郎",male,73,4,FALSE,TRUE,"選挙区支部長",104183,FALSE
108,37,FALSE,"いしづ政雄",male,70,6,TRUE,FALSE,"団体役員",57098,TRUE
109,38,FALSE,"林みやこ",female,67,8,FALSE,FALSE,"無職",34112,FALSE
110,38,TRUE,"はなし康弘",male,58,4,FALSE,TRUE,"選挙区支部長",113068,TRUE
111,38,FALSE,"ひぐちまい",female,44,6,FALSE,FALSE,"エム株式会社 会",51060,TRUE
112,39,FALSE,"堀江かくじ",male,75,8,FALSE,FALSE,"農業",12548,FALSE
113,39,FALSE,"おおくま利昭",male,54,6,TRUE,FALSE,"無職",29547,TRUE
114,39,TRUE,"梶山ひろし",male,62,4,FALSE,TRUE,"第四選挙区支部支",97966,TRUE
115,40,TRUE,"石川あきまさ",male,45,4,FALSE,TRUE,"茨城県第五選挙区",61450,TRUE
116,40,FALSE,"川崎あつ子",female,64,8,FALSE,FALSE,"無職",10027,FALSE
117,40,FALSE,"浅野さとし",male,35,6,FALSE,FALSE,"労働組合役員",56098,TRUE
118,41,TRUE,"国光あやの",female,38,4,FALSE,FALSE,"医師",102820,TRUE
119,41,FALSE,"青山やまと",male,38,6,FALSE,FALSE,"Ｎｅｘｔ Ａｇｅ",96987,TRUE
120,41,FALSE,"古沢よしゆき",male,71,8,FALSE,FALSE,"無職",24227,FALSE
121,42,FALSE,"石嶋いわお",male,63,8,FALSE,FALSE,"農業",18308,FALSE
122,42,FALSE,"ながおか桂子",female,63,4,FALSE,TRUE,"選挙区支部長",62617,FALSE
123,42,TRUE,"なかむら喜四郎",male,68,1,FALSE,TRUE,"車学校代表取締役",77719,FALSE
124,43,FALSE,"渡辺のりよし",male,34,1,FALSE,FALSE,"政党役員",33681,FALSE
125,43,FALSE,"柏倉ゆうじ",male,48,6,TRUE,FALSE,"医師",51122,FALSE
126,43,TRUE,"船田はじめ",male,63,4,FALSE,TRUE,"選挙区支部長",109139,FALSE
127,43,FALSE,"青木ひろし",male,56,8,FALSE,FALSE,"政党役員",16463,FALSE
128,44,FALSE,"西川こうや",male,74,4,FALSE,TRUE,"選挙区支部長",65445,FALSE
129,44,TRUE,"福田あきお",male,69,1,FALSE,TRUE,"政党役員",75031,FALSE
130,45,FALSE,"まき昌三",male,74,8,FALSE,FALSE,"政党役員",9990,FALSE
131,45,FALSE,"石渡つよし",male,48,9,FALSE,FALSE,"団体職員",1561,FALSE
132,45,FALSE,"渡辺みゆき",female,58,6,FALSE,FALSE,"会社役員",42820,TRUE
133,45,TRUE,"やな和生",male,38,4,FALSE,TRUE,"選挙区支部長",74371,TRUE
134,46,TRUE,"さとう勉",male,65,4,FALSE,TRUE,"選挙区支部長",111167,TRUE
135,46,FALSE,"山崎としひこ",male,64,8,FALSE,FALSE,"政党役員",16741,FALSE
136,46,FALSE,"藤岡隆雄",male,40,6,FALSE,FALSE,"政策調査研究業",76294,TRUE
137,47,TRUE,"茂木としみつ",male,62,4,FALSE,TRUE,"づくり革命担当大",89403,TRUE
138,47,FALSE,"大豆生田みのる",male,51,6,FALSE,FALSE,"会社役員",41438,TRUE
139,47,FALSE,"川上ひとし",male,61,8,FALSE,FALSE,"政党役員",13485,FALSE
140,48,FALSE,"宮崎タケシ",male,47,6,FALSE,TRUE,"無職",71569,TRUE
141,48,TRUE,"尾身朝子",female,56,4,FALSE,TRUE,"政党役員",92641,TRUE
142,48,FALSE,"たなはしせつ子",female,56,8,FALSE,FALSE,"政党役員",25818,TRUE
143,49,TRUE,"井野としろう",male,37,4,FALSE,TRUE,"無職",89219,TRUE
144,49,FALSE,"はせだ直之",male,61,8,FALSE,FALSE,"政党役員",21908,FALSE
145,49,FALSE,"石関たかし",male,45,6,FALSE,TRUE,"公益財団法人理事",48545,TRUE
146,50,FALSE,"長谷川かいち",male,64,5,FALSE,FALSE,"医療法人理事長",67456,TRUE
147,50,TRUE,"笹川ひろよし",male,51,4,FALSE,TRUE,"無職",83446,TRUE
148,51,FALSE,"はぎわら貞夫",male,68,8,FALSE,FALSE,"無職",24006,FALSE
149,51,FALSE,"不破弘樹",male,51,6,FALSE,FALSE,"団体役員",36167,TRUE
150,51,TRUE,"福田達夫",male,50,4,FALSE,TRUE,"防衛大臣政務官",93262,TRUE
151,52,TRUE,"おぶち優子",female,43,4,FALSE,TRUE,"選挙区支部長",109453,TRUE
152,52,FALSE,"伊藤たつや",male,34,8,FALSE,FALSE,"政党役員",14935,FALSE
153,52,FALSE,"高橋のぶゆき",male,63,3,FALSE,FALSE,"政党役員",14008,TRUE
154,52,FALSE,"いのくち幸子",female,61,6,FALSE,FALSE,"医師",30127,TRUE
155,53,FALSE,"たけまさ公一",male,56,6,FALSE,TRUE,"政党役員",75716,TRUE
156,53,FALSE,"こひやま清人",male,60,7,FALSE,FALSE,"国家財政・年金財",11577,TRUE
157,53,FALSE,"とばめぐみ",female,58,8,FALSE,FALSE,"政党役員",33593,FALSE
158,53,TRUE,"村井ひでき",male,37,4,FALSE,TRUE,"選挙区支部長",106699,TRUE
159,54,FALSE,"すがかつみ",male,51,6,FALSE,FALSE,"政党役員",64783,TRUE
160,54,FALSE,"平川みちや",male,45,8,FALSE,FALSE,"政党役員",34846,FALSE
161,54,TRUE,"しんどう義孝",male,59,4,FALSE,TRUE,"自由民主党埼玉県",110072,TRUE
162,55,FALSE,"飯田たけし",male,58,9,FALSE,FALSE,"自営業",2009,FALSE
163,55,FALSE,"石川英行",male,54,1,FALSE,FALSE,"無職",2040,FALSE
164,55,FALSE,"みわあさみ",female,30,6,FALSE,FALSE,"無職",29867,TRUE
165,55,TRUE,"きかわだひとし",male,47,4,FALSE,TRUE,"選挙区支部長",95093,TRUE
166,55,FALSE,"山川ゆりこ",female,48,5,FALSE,FALSE,"団体役員",73250,TRUE
167,55,FALSE,"やこう勘司",male,66,7,FALSE,FALSE,"社会福祉法人理事",10864,TRUE
168,56,FALSE,"あさか英義",male,67,8,FALSE,FALSE,"政党役員",29125,FALSE
169,56,FALSE,"あおやぎ仁士",male,38,7,FALSE,FALSE,"政党役員",23362,TRUE
170,56,FALSE,"吉田よしのり",male,43,6,FALSE,FALSE,"政党役員",50165,TRUE
171,56,FALSE,"とよた真由子",female,43,1,FALSE,TRUE,"無職",21614,FALSE
172,56,TRUE,"ほさかやすし",male,43,4,FALSE,FALSE,"社会福祉法人理事",74287,TRUE
173,57,FALSE,"まきはらひでき",male,46,4,FALSE,TRUE,"弁護士",77023,TRUE
174,57,TRUE,"えだの幸男",male,53,5,FALSE,TRUE,"政党役員",119091,TRUE
175,57,FALSE,"高木ひでふみ",male,44,6,FALSE,FALSE,"弁護士",11379,TRUE
176,58,TRUE,"大島あつし",male,60,6,FALSE,TRUE,"政党役員",106448,TRUE
177,58,FALSE,"中根かずゆき",male,48,4,FALSE,TRUE,"外務副大臣",92222,TRUE
178,58,FALSE,"戸口佐一",male,67,8,FALSE,FALSE,"６区国政対策委員",29020,FALSE
179,59,FALSE,"長沼ちね",female,67,8,FALSE,FALSE,"区平和・くらし対",36830,FALSE
180,59,FALSE,"こみやま泰子",female,52,6,FALSE,TRUE,"政治団体役員",78202,TRUE
181,59,TRUE,"神山佐市",male,63,4,FALSE,TRUE,"会社役員",90841,TRUE
182,60,FALSE,"つじモトミ",male,46,8,FALSE,FALSE,"と平和を守るプロ",33204,FALSE
183,60,FALSE,"おのづか勝俊",male,45,6,TRUE,FALSE,"政党役員",61501,TRUE
184,60,TRUE,"しばやま昌彦",male,51,4,FALSE,TRUE,"弁護士",92952,TRUE
185,61,FALSE,"神田三春",female,63,8,FALSE,FALSE,"・福祉・女性相談",40822,FALSE
186,61,TRUE,"大塚拓",male,44,4,FALSE,TRUE,"自由民主党埼玉県",111815,TRUE
187,61,FALSE,"すぎむら慎治",male,41,6,FALSE,FALSE,"政党役員",57599,TRUE
188,62,FALSE,"柿沼はるき",male,34,8,FALSE,FALSE,"日本共産党西部地",26504,FALSE
189,62,FALSE,"坂本ゆうのすけ",male,62,6,FALSE,TRUE,"政党役員",66106,TRUE
190,62,TRUE,"山口たいめい",male,68,4,FALSE,TRUE,"会社役員",85453,TRUE
191,63,FALSE,"柴岡ゆうま",male,33,8,FALSE,FALSE,"党中央委員",24624,FALSE
192,63,FALSE,"今野ともひろ",male,42,1,FALSE,TRUE,"弁護士",50046,FALSE
193,63,FALSE,"三角そうた",male,29,6,FALSE,FALSE,"政党役員",27387,TRUE
194,63,TRUE,"小泉りゅうじ",male,65,1,FALSE,TRUE,"無職",88290,FALSE
195,64,FALSE,"森田としかず",male,43,6,FALSE,FALSE,"会社役員",86007,TRUE
196,64,FALSE,"林ひでひろ",male,43,8,FALSE,FALSE,"党埼玉県常任委員",19878,FALSE
197,64,TRUE,"野中あつし",male,40,4,FALSE,TRUE,"政党役員",86499,TRUE
198,65,FALSE,"きたずみよしゆき",male,54,6,FALSE,FALSE,"団体役員",57947,TRUE
199,65,TRUE,"つちや品子",female,65,4,FALSE,TRUE,"料理研究家",104500,TRUE
200,65,FALSE,"池田まさよ",female,58,3,FALSE,FALSE,"政党役員",36755,TRUE
201,66,FALSE,"はたの博",male,47,7,FALSE,FALSE,"会社役員",13926,TRUE
202,66,FALSE,"苗村京子",female,58,8,FALSE,FALSE,"党埼玉１４区政策",32017,FALSE
203,66,FALSE,"鈴木よしひろ",male,54,6,FALSE,TRUE,"会社役員",62733,TRUE
204,66,TRUE,"三ツ林ひろみ",male,62,4,FALSE,TRUE,"医師",98443,TRUE
205,67,TRUE,"田中良生",male,53,4,FALSE,TRUE,"会社役員",96185,TRUE
206,67,FALSE,"梅村さえこ",female,53,8,FALSE,TRUE,"党准中央委員",39497,TRUE
207,67,FALSE,"高橋ひであき",male,54,7,FALSE,FALSE,"自営業",15014,TRUE
208,67,FALSE,"高山さとし",male,47,6,TRUE,FALSE,"政党役員",48729,TRUE
209,68,FALSE,"たじま要",male,56,6,FALSE,TRUE,"政党役員",81481,TRUE
210,68,TRUE,"門山ひろあき",male,53,4,FALSE,TRUE,"弁護士",82838,TRUE
211,68,FALSE,"大野たかし",male,48,8,FALSE,FALSE,"政党役員",24231,FALSE
212,68,FALSE,"長谷川ゆたか",male,42,7,FALSE,FALSE,"メディア戦略コン",15014,TRUE
213,69,FALSE,"藤巻けんた",male,34,7,FALSE,FALSE,"会社役員",14885,TRUE
214,69,FALSE,"上野ひろつぐ",male,40,8,FALSE,FALSE,"政党役員",16491,FALSE
215,69,FALSE,"ひぐちひろやす",male,58,5,FALSE,FALSE,"政党役員",54035,TRUE
216,69,FALSE,"竹ヶ原ゆみこ",female,46,6,FALSE,FALSE,"産婦人科医",28878,TRUE
217,69,TRUE,"小林たかゆき",male,42,4,FALSE,TRUE,"政党選挙区支部長",108964,TRUE
218,70,TRUE,"松野ひろかず",male,55,4,FALSE,TRUE,"千葉県第三選挙区",85461,TRUE
219,70,FALSE,"岡島一正",male,59,5,TRUE,FALSE,"政党役員",52018,TRUE
220,70,FALSE,"くしぶち万里",female,50,6,TRUE,FALSE,"無職",22962,TRUE
221,71,FALSE,"深津としろう",male,69,8,FALSE,FALSE,"政党役員",14955,FALSE
222,71,TRUE,"野田よしひこ",male,60,1,FALSE,TRUE,"無職",131024,FALSE
223,71,FALSE,"木村てつや",male,48,4,FALSE,FALSE,"会社役員",61804,TRUE
224,71,FALSE,"佐藤浩",male,52,7,FALSE,FALSE,"会社役員",12104,TRUE
225,72,TRUE,"そのうら健太郎",male,45,4,FALSE,TRUE,"内閣総理大臣補佐",107299,TRUE
226,72,FALSE,"山田あつし",male,69,5,FALSE,FALSE,"ジャーナリスト",62894,TRUE
227,72,FALSE,"岡野じゅんこ",female,39,6,FALSE,FALSE,"企業研修指導講師",40115,TRUE
228,73,FALSE,"遠藤のぶひこ",male,54,6,TRUE,FALSE,"政党役員",23701,TRUE
229,73,FALSE,"生方幸夫",male,69,5,TRUE,FALSE,"政党役員",65281,TRUE
230,73,TRUE,"渡辺ひろみち",male,67,4,FALSE,TRUE,"自由民主党千葉県",76323,TRUE
231,73,FALSE,"星けんたろう",male,37,7,FALSE,FALSE,"政党役員",10145,TRUE
232,74,FALSE,"わたなべ隆夫",male,74,8,FALSE,FALSE,"無職",15025,FALSE
233,74,TRUE,"さいとう健",male,58,4,FALSE,TRUE,"自由民主党千葉県",115731,TRUE
234,74,FALSE,"石塚さだみち",male,50,5,FALSE,FALSE,"司法書士",51776,TRUE
235,74,FALSE,"はたの里奈",female,44,6,FALSE,FALSE,"アナウンサー",29706,TRUE
236,75,TRUE,"桜田よしたか",male,67,4,FALSE,TRUE,"自由民主党千葉県",100115,TRUE
237,75,FALSE,"小野里ていりょう",male,70,8,FALSE,FALSE,"政党職員",33752,FALSE
238,75,FALSE,"太田かずみ",female,38,6,FALSE,TRUE,"会社役員",71468,TRUE
239,76,TRUE,"秋本まさとし",male,42,4,FALSE,TRUE,"国土交通大臣政務",92180,TRUE
240,76,FALSE,"かもしだ安代",male,62,8,FALSE,FALSE,"政党役員",28488,FALSE
241,76,FALSE,"おくの総一郎",male,53,6,FALSE,TRUE,"団体職員",76332,TRUE
242,77,TRUE,"林幹雄",male,70,4,FALSE,TRUE,"第１０選挙区支部",88398,TRUE
243,77,FALSE,"笠原正実",male,63,8,FALSE,FALSE,"政党職員",12758,FALSE
244,77,FALSE,"谷田川はじめ",male,54,6,TRUE,FALSE,"政党役員",65256,TRUE
245,78,FALSE,"たがや亮",male,48,6,FALSE,FALSE,"会社経営者",45345,TRUE
246,78,TRUE,"森英介",male,69,4,FALSE,TRUE,"選挙区支部長",103919,TRUE
247,78,FALSE,"椎名史明",male,60,8,FALSE,FALSE,"政党役員",23968,FALSE
248,79,FALSE,"大西わたる",male,36,8,FALSE,FALSE,"党千葉県常任委員",22182,TRUE
249,79,TRUE,"浜田やすかず",male,62,4,FALSE,TRUE,"選挙区支部長",120075,TRUE
250,79,FALSE,"ひだか剛",male,51,6,TRUE,FALSE,"政党役員",36571,TRUE
251,79,FALSE,"皆川真一郎",male,63,3,FALSE,FALSE,"政党役員",10713,TRUE
252,80,FALSE,"みやかわ伸",male,47,5,FALSE,FALSE,"政党役員",57431,TRUE
253,80,FALSE,"さいとう和子",female,43,8,FALSE,TRUE,"政党役員",20679,TRUE
254,80,TRUE,"しらすか貴樹",male,42,4,FALSE,TRUE,"学校法人理事長",93081,TRUE
255,80,FALSE,"水野ともひこ",male,61,6,TRUE,FALSE,"歯科医師",31887,TRUE
256,81,FALSE,"松沢かおる",female,39,6,FALSE,FALSE,"弁護士",40376,TRUE
257,81,FALSE,"原口みき",female,28,9,FALSE,FALSE,"団体職員",3806,FALSE
258,81,FALSE,"山田みき",female,43,4,FALSE,TRUE,"選挙区支部長",93235,TRUE
259,81,FALSE,"マタヨシ光雄",male,73,10,FALSE,FALSE,"政治団体代表",1307,FALSE
260,81,TRUE,"海江田万里",male,68,5,TRUE,FALSE,"政党幹事",96255,TRUE
261,81,FALSE,"犬丸光加",female,57,11,FALSE,FALSE,"会社社長",1570,FALSE
262,82,TRUE,"清人",male,38,4,FALSE,TRUE,"選挙区支部長",112993,TRUE
263,82,FALSE,"松尾あきひろ",male,42,5,FALSE,FALSE,"弁護士",91230,TRUE
264,82,FALSE,"はとやま太郎",male,43,6,FALSE,FALSE,"会社役員",41955,TRUE
265,83,FALSE,"香西かつ介",male,41,8,FALSE,FALSE,"政党役員",45088,FALSE
266,83,TRUE,"石原ひろたか",male,53,4,FALSE,TRUE,"選挙区支部長",107708,TRUE
267,83,FALSE,"まつばら仁",male,61,6,FALSE,TRUE,"無職",94380,TRUE
268,84,FALSE,"井戸まさえ",female,51,5,TRUE,FALSE,"文筆業",53480,TRUE
269,84,TRUE,"平将明",male,50,4,FALSE,TRUE,"選挙区支部長",115239,TRUE
270,84,FALSE,"ナンバみちよ",female,43,6,FALSE,FALSE,"会社代表",35352,TRUE
271,84,FALSE,"青山コウヘイ",male,26,8,FALSE,FALSE,"政党役員",26037,FALSE
272,85,FALSE,"手塚よしお",male,51,5,TRUE,FALSE,"政党幹事",99182,TRUE
273,85,FALSE,"福田峰之",male,53,6,FALSE,TRUE,"内閣府副大臣",45737,TRUE
274,85,TRUE,"若宮けんじ",male,56,4,FALSE,TRUE,"選挙区支部長",101314,TRUE
275,86,FALSE,"おちたかお",male,53,4,FALSE,TRUE,"内閣府副大臣",98422,TRUE
276,86,TRUE,"落合貴之",male,38,5,FALSE,TRUE,"政党幹事",100400,TRUE
277,86,FALSE,"中岡まき",female,26,9,FALSE,FALSE,"団体職員",4307,FALSE
278,86,FALSE,"うえまつ恵美子",female,49,6,FALSE,FALSE,"会社経営者",42862,TRUE
279,87,FALSE,"松本文明",male,68,4,FALSE,TRUE,"内閣府副大臣",85305,TRUE
280,87,TRUE,"ながつま昭",male,57,5,FALSE,TRUE,"政党幹事",117118,TRUE
281,87,FALSE,"荒木あきひろ",male,64,6,FALSE,FALSE,"会社役員",25531,TRUE
282,87,FALSE,"井上いくま",male,26,1,FALSE,FALSE,"会社社長",3850,FALSE
283,88,FALSE,"木内たかたね",male,51,6,FALSE,TRUE,"会社役員",41175,TRUE
284,88,FALSE,"円より子",female,70,1,FALSE,FALSE,"著述業",11997,FALSE
285,88,FALSE,"斎藤いくま",male,29,12,FALSE,FALSE,"学生団体役員",2931,FALSE
286,88,FALSE,"おさない史子",female,29,8,FALSE,FALSE,"団体役員",22399,FALSE
287,88,FALSE,"吉田はるみ",female,45,5,FALSE,FALSE,"政党幹事",76283,TRUE
288,88,TRUE,"石原のぶてる",male,60,4,FALSE,TRUE,"選挙区支部長",99863,TRUE
289,89,FALSE,"高松さとし",male,43,6,FALSE,FALSE,"無職",64731,TRUE
290,89,FALSE,"原純子",female,53,8,FALSE,FALSE,"政党役員",57439,TRUE
291,89,TRUE,"すがわら一秀",male,55,4,FALSE,TRUE,"選挙区支部長",122279,TRUE
292,89,FALSE,"前田吉成",male,62,1,FALSE,FALSE,"会社員",4243,FALSE
293,90,FALSE,"わかさ勝",male,60,6,FALSE,TRUE,"弁護士",57901,TRUE
294,90,FALSE,"鈴木ようすけ",male,41,5,FALSE,FALSE,"政党幹事",70168,TRUE
295,90,TRUE,"鈴木隼人",male,40,4,FALSE,TRUE,"選挙区支部長",91147,TRUE
296,90,FALSE,"岸良信",male,62,8,FALSE,FALSE,"政党役員",20828,FALSE
297,90,FALSE,"吉井としみつ",male,35,9,FALSE,FALSE,"政党東京都本部代",1744,FALSE
298,90,FALSE,"小山徹",male,42,1,FALSE,FALSE,"会社員",2107,FALSE
299,91,FALSE,"ししどちえ",female,39,6,FALSE,FALSE,"会社員",42668,TRUE
300,91,FALSE,"まえだ順一郎",male,42,5,FALSE,FALSE,"公認会計士",60291,TRUE
301,91,TRUE,"下村博文",male,63,4,FALSE,TRUE,"選挙区支部長",104612,TRUE
302,91,FALSE,"小堤東",male,28,8,FALSE,FALSE,"団体役員",25426,FALSE
303,92,FALSE,"中村勝",male,66,13,FALSE,FALSE,"会社社長",21892,FALSE
304,92,FALSE,"池内さおり",female,35,8,FALSE,TRUE,"党准中央委員",83544,TRUE
305,92,TRUE,"太田あきひろ",male,72,2,FALSE,TRUE,"政党役員",112597,FALSE
306,93,FALSE,"そぶえ元希",male,42,8,FALSE,FALSE,"政党役員",30807,FALSE
307,93,TRUE,"かもした一郎",male,68,4,FALSE,TRUE,"選挙区支部長",120744,TRUE
308,93,FALSE,"北條智彦",male,34,5,FALSE,FALSE,"政党幹事",67070,TRUE
309,94,FALSE,"やはぎ麻子",female,39,6,FALSE,FALSE,"弁護士",63235,TRUE
310,94,FALSE,"あとう和之",male,46,8,FALSE,FALSE,"政党役員",46600,FALSE
311,94,TRUE,"松島みどり",female,61,4,FALSE,TRUE,"選挙区支部長",104137,TRUE
312,94,FALSE,"せいいみほ",female,54,9,FALSE,FALSE,"政党役員",4282,FALSE
313,94,FALSE,"大塚紀久雄",male,76,1,FALSE,FALSE,"貸事務所業",3607,FALSE
314,95,FALSE,"吉田としお",male,69,8,FALSE,FALSE,"政党役員",34943,FALSE
315,95,FALSE,"柿沢未途",male,46,6,FALSE,TRUE,"団体役員",70325,TRUE
316,95,FALSE,"いのたかし",male,52,1,FALSE,FALSE,"無職",15667,FALSE
317,95,TRUE,"あきもと司",male,46,4,FALSE,TRUE,"国土交通副大臣",101155,TRUE
318,96,TRUE,"大西ひでお",male,71,4,FALSE,TRUE,"選挙区支部長",84457,TRUE
319,96,FALSE,"初鹿明博",male,48,5,FALSE,TRUE,"政党幹事",71405,TRUE
320,96,FALSE,"田村けんじ",male,49,6,TRUE,FALSE,"会社役員",50568,TRUE
321,97,FALSE,"新井杉生",male,58,8,FALSE,FALSE,"政党役員",43138,FALSE
322,97,TRUE,"平沢勝栄",male,72,4,FALSE,TRUE,"選挙区支部長",127632,TRUE
323,97,FALSE,"西田ちから",male,55,6,FALSE,FALSE,"無職",49485,TRUE
324,98,FALSE,"ときた敦",male,51,6,FALSE,FALSE,"無職",45081,TRUE
325,98,TRUE,"菅直人",male,71,5,FALSE,TRUE,"弁理士",96713,TRUE
326,98,FALSE,"土屋正忠",male,75,4,FALSE,TRUE,"選挙区支部長",95667,FALSE
327,99,FALSE,"ささきりか",female,50,6,FALSE,FALSE,"美術大学講師",29743,TRUE
328,99,FALSE,"杉下茂雄",male,68,8,FALSE,FALSE,"無職",17377,FALSE
329,99,TRUE,"松本洋平",male,44,4,FALSE,TRUE,"選挙区支部長",96229,TRUE
330,99,FALSE,"末松義規",male,60,5,TRUE,FALSE,"政党幹事",90540,TRUE
331,100,TRUE,"木原誠二",male,47,4,FALSE,TRUE,"選挙区支部長",107686,TRUE
332,100,FALSE,"かのあきら",male,44,6,FALSE,FALSE,"医師",50439,TRUE
333,100,FALSE,"宮本徹",male,45,8,FALSE,TRUE,"政党役員",57741,TRUE
334,101,FALSE,"小糸けんすけ",male,35,3,FALSE,FALSE,"牧師",38195,TRUE
335,101,TRUE,"長島昭久",male,55,6,FALSE,TRUE,"大学客員教授",92356,TRUE
336,101,FALSE,"天木直人",male,70,14,FALSE,FALSE,"外交評論家",6655,FALSE
337,101,FALSE,"小田原きよし",male,53,4,FALSE,TRUE,"選挙区支部長",88225,TRUE
338,102,FALSE,"山花郁夫",male,50,5,TRUE,FALSE,"政党役員",91073,TRUE
339,102,TRUE,"伊藤達也",male,56,4,FALSE,TRUE,"選挙区支部長",110493,TRUE
340,102,FALSE,"金ヶ崎絵美",female,41,6,FALSE,FALSE,"弁護士",30236,TRUE
341,102,FALSE,"阿部真",male,43,8,FALSE,FALSE,"政党役員",22859,FALSE
342,103,FALSE,"松村りょうすけ",male,37,8,FALSE,FALSE,"政党職員",58929,FALSE
343,103,TRUE,"小倉まさのぶ",male,36,4,FALSE,TRUE,"総務大臣政務官",110522,TRUE
344,103,FALSE,"伊藤しゅんすけ",male,38,6,FALSE,FALSE,"会社社長",76450,TRUE
345,104,FALSE,"吉羽美華",female,37,6,FALSE,FALSE,"金融コンサルティ",39892,TRUE
346,104,TRUE,"はぎうだ光一",male,54,4,FALSE,TRUE,"選挙区支部長",122331,TRUE
347,104,FALSE,"飯田みやこ",female,57,8,FALSE,FALSE,"弁護士",24349,TRUE
348,104,FALSE,"高橋なりひさ",male,44,5,FALSE,FALSE,"弁護士",61441,TRUE
349,105,FALSE,"井上たかし",male,43,8,FALSE,FALSE,"政党役員",21031,FALSE
350,105,FALSE,"山下ようこ",female,58,5,FALSE,FALSE,"政党幹事",44884,TRUE
351,105,TRUE,"井上信治",male,48,4,FALSE,TRUE,"選挙区支部長",112015,TRUE
352,105,FALSE,"小沢さきひと",male,63,6,FALSE,TRUE,"政党役員",38286,TRUE
353,106,TRUE,"松本純",male,67,4,FALSE,TRUE,"選挙区支部長",103070,TRUE
354,106,FALSE,"長島一由",male,50,6,TRUE,FALSE,"映画監督",34433,TRUE
355,106,FALSE,"しのはら豪",male,42,5,FALSE,TRUE,"政党役員",78019,TRUE
356,107,FALSE,"高橋のえ",female,43,5,FALSE,FALSE,"通信事業会社社員",47191,TRUE
357,107,TRUE,"すが義偉",male,68,4,FALSE,TRUE,"選挙区支部長",123218,TRUE
358,107,FALSE,"おおぬき清文",male,60,8,FALSE,FALSE,"政党職員",16699,FALSE
359,107,FALSE,"はしもと久美",female,48,6,FALSE,FALSE,"会社役員",28635,TRUE
360,108,FALSE,"いき愛子",female,32,9,FALSE,FALSE,"団体職員",4177,FALSE
361,108,FALSE,"かつまた恒一郎",male,54,6,TRUE,FALSE,"大学講師",46284,TRUE
362,108,TRUE,"おこのぎ八郎",male,52,4,FALSE,TRUE,"選挙区支部長",101157,TRUE
363,108,FALSE,"伊藤くみこ",female,57,1,FALSE,FALSE,"無職",26314,FALSE
364,108,FALSE,"くぎまる進",male,44,8,FALSE,FALSE,"政党役員",23476,FALSE
365,109,FALSE,"山本ともひろ",male,42,4,FALSE,TRUE,"防衛副大臣",55700,TRUE
366,109,TRUE,"早稲田ゆき",female,58,5,FALSE,FALSE,"政党役員",67020,TRUE
367,109,FALSE,"あさお慶一郎",male,53,1,FALSE,TRUE,"団体役員",51495,FALSE
368,109,FALSE,"風間法子",female,47,6,FALSE,FALSE,"政党役員",18618,TRUE
369,110,TRUE,"さかい学",male,52,4,FALSE,TRUE,"総務副大臣",120068,TRUE
370,110,FALSE,"横山せいご",male,46,8,FALSE,FALSE,"政党役員",45497,FALSE
371,110,FALSE,"吉岡けんじ",male,39,6,FALSE,FALSE,"会社役員",67085,TRUE
372,111,FALSE,"くしだ誠一",male,59,7,FALSE,FALSE,"弁護士",24424,TRUE
373,111,TRUE,"あおやぎ陽一郎",male,48,5,FALSE,TRUE,"政党役員",86291,TRUE
374,111,FALSE,"上田いさむ",male,59,2,FALSE,TRUE,"政党役員",82788,FALSE
375,112,TRUE,"鈴木けいすけ",male,40,4,FALSE,TRUE,"選挙区支部長",103324,TRUE
376,112,FALSE,"川野あん",female,35,6,FALSE,FALSE,"会社員",28685,TRUE
377,112,FALSE,"中谷一馬",male,34,5,FALSE,FALSE,"政党役員",87819,TRUE
378,113,FALSE,"加藤リカ",female,45,8,FALSE,FALSE,"政党役員",21241,FALSE
379,113,FALSE,"大西つねき",male,53,15,FALSE,FALSE,"ＩＴ会社社長",5518,FALSE
380,113,TRUE,"江田けんじ",male,61,1,FALSE,TRUE,"無職",119280,FALSE
381,113,FALSE,"みたに英弘",male,41,4,TRUE,FALSE,"選挙区支部長",74119,TRUE
382,114,FALSE,"斉藤のどか",female,26,8,FALSE,FALSE,"翻訳業",32290,FALSE
383,114,FALSE,"中山のりひろ",male,49,4,FALSE,TRUE,"選挙区支部長",70819,TRUE
384,114,TRUE,"笠ひろふみ",male,52,6,FALSE,TRUE,"希望の党幹事",72531,TRUE
385,115,FALSE,"市川よし子",female,53,6,FALSE,FALSE,"政党役員",58053,TRUE
386,115,FALSE,"はたの君枝",female,60,8,FALSE,TRUE,"員",49305,TRUE
387,115,TRUE,"田中かずのり",male,68,4,FALSE,TRUE,"選挙区支部長",113824,TRUE
388,116,FALSE,"せと和弘",male,65,8,FALSE,FALSE,"政党役員",21874,FALSE
389,116,FALSE,"真白リョウ",female,41,6,FALSE,FALSE,"作曲家",18583,TRUE
390,116,TRUE,"小泉進次郎",male,36,4,FALSE,TRUE,"選挙区支部長",154761,FALSE
391,116,FALSE,"あくつ孝行",male,67,16,FALSE,FALSE,"無職",3133,FALSE
392,117,FALSE,"原てるお",male,43,6,FALSE,FALSE,"無職",29852,TRUE
393,117,FALSE,"星野つよし",male,54,4,FALSE,TRUE,"選挙区支部長",83924,TRUE
394,117,TRUE,"あべともこ",female,69,5,FALSE,TRUE,"医師",86550,TRUE
395,118,TRUE,"甘利明",male,68,4,FALSE,TRUE,"選挙区支部長",127214,TRUE
396,118,FALSE,"太ひでし",male,40,6,FALSE,FALSE,"研究員",62779,TRUE
397,118,FALSE,"岡崎ゆたか",male,39,8,FALSE,FALSE,"県常任委員",36627,TRUE
398,119,FALSE,"もとむら賢太郎",male,47,6,FALSE,TRUE,"団体役員",94348,TRUE
399,119,FALSE,"中野渡じゅん",male,69,8,FALSE,FALSE,"政党役員",27640,FALSE
400,119,TRUE,"あかま二郎",male,49,4,FALSE,TRUE,"内閣府副大臣",105953,TRUE
401,120,TRUE,"河野太郎",male,54,4,FALSE,TRUE,"選挙区支部長",159647,TRUE
402,120,FALSE,"ささき克己",male,62,3,FALSE,FALSE,"政党役員",38242,TRUE
403,120,FALSE,"乃木涼介",male,53,6,FALSE,FALSE,"俳優",38162,TRUE
404,121,TRUE,"よしいえひろゆき",male,46,4,FALSE,TRUE,"選挙区支部長",110508,TRUE
405,121,FALSE,"ごとう祐一",male,48,6,FALSE,TRUE,"政党役員",96128,TRUE
406,121,FALSE,"池田博英",male,54,8,FALSE,FALSE,"政党役員",28927,FALSE
407,122,FALSE,"横田英司",male,59,8,FALSE,FALSE,"政党役員",27798,FALSE
408,122,TRUE,"牧島かれん",female,40,4,FALSE,TRUE,"選挙区支部長",117003,TRUE
409,122,FALSE,"神山洋介",male,42,6,FALSE,TRUE,"政党役員",83407,TRUE
410,123,TRUE,"やまぎわ大志郎",male,49,4,FALSE,TRUE,"選挙区支部長",111285,TRUE
411,123,FALSE,"三村和也",male,42,6,TRUE,FALSE,"団体職員",66057,TRUE
412,123,FALSE,"若林やすひさ",male,32,8,FALSE,FALSE,"団体職員",40252,TRUE
413,124,TRUE,"西村ちなみ",female,50,5,FALSE,TRUE,"政党役員",128045,TRUE
414,124,FALSE,"石﨑とおる",male,33,4,FALSE,TRUE,"選挙区支部長",113045,TRUE
415,125,FALSE,"細田けんいち",male,53,4,FALSE,TRUE,"選挙区支部長",81705,TRUE
416,125,TRUE,"わしお英一郎",male,40,1,FALSE,TRUE,"公認会計士",97808,FALSE
417,125,FALSE,"五十嵐たけひこ",male,37,8,FALSE,FALSE,"政党役員",10055,FALSE
418,126,FALSE,"三村誉一",male,71,1,FALSE,FALSE,"無職",3375,FALSE
419,126,FALSE,"さいとう洋明",male,40,4,FALSE,TRUE,"選挙区支部長",95594,TRUE
420,126,TRUE,"黒岩たかひろ",male,51,1,FALSE,TRUE,"政党役員",95644,FALSE
421,127,TRUE,"菊田まきこ",female,47,1,FALSE,TRUE,"政党役員",112600,FALSE
422,127,FALSE,"金子めぐみ",female,39,4,FALSE,TRUE,"選挙区支部長",87524,TRUE
423,128,TRUE,"泉田ひろひこ",male,55,4,FALSE,FALSE,"大学教授",91855,TRUE
424,128,FALSE,"笠原れいか",female,25,9,FALSE,FALSE,"選挙区支部長",5735,FALSE
425,128,FALSE,"大平えつこ",female,61,1,FALSE,FALSE,"無職",79655,FALSE
426,129,TRUE,"たかとり修一",male,57,4,FALSE,TRUE,"選挙区支部長",94292,TRUE
427,129,FALSE,"うめたに守",male,43,1,FALSE,FALSE,"政党役員",92080,FALSE
428,130,TRUE,"たばた裕明",male,44,4,FALSE,TRUE,"選挙区支部長",74876,TRUE
429,130,FALSE,"吉田豊史",male,47,7,FALSE,TRUE,"政党役員",38219,TRUE
430,130,FALSE,"青山りょうすけ",male,42,8,FALSE,FALSE,"政党役員",13471,FALSE
431,131,TRUE,"みやこし光寛",male,66,4,FALSE,TRUE,"内閣総理大臣補佐",94086,TRUE
432,131,FALSE,"山崎あきら",male,67,3,FALSE,FALSE,"団体役員",32348,TRUE
433,132,TRUE,"たちばな慶一郎",male,56,4,FALSE,TRUE,"選挙区支部長",140803,TRUE
434,132,FALSE,"しばた巧",male,56,6,FALSE,FALSE,"無職",62066,TRUE
435,132,FALSE,"坂本ひろし",male,47,8,FALSE,FALSE,"政党役員",17576,TRUE
436,133,TRUE,"はせ浩",male,56,4,FALSE,TRUE,"政党役員",112168,TRUE
437,133,FALSE,"黒崎きよのり",male,69,8,FALSE,FALSE,"政党役員",16152,FALSE
438,133,FALSE,"たなか美絵子",female,41,6,TRUE,FALSE,"政党役員",61541,TRUE
439,134,FALSE,"本田正和",male,68,8,FALSE,FALSE,"政党役員",9920,FALSE
440,134,FALSE,"しばた未来",female,46,6,FALSE,FALSE,"弁護士",58164,TRUE
441,134,TRUE,"佐々木はじめ",male,43,4,FALSE,TRUE,"会社役員",118421,TRUE
442,134,FALSE,"みやもとさとし",male,57,9,FALSE,FALSE,"政党役員",3472,FALSE
443,135,TRUE,"にしだ昭二",male,48,4,FALSE,FALSE,"選挙区支部長",80416,TRUE
444,135,FALSE,"こんどう和也",male,43,6,TRUE,FALSE,"政党役員",78306,TRUE
445,135,FALSE,"鈴木こうた",male,36,8,FALSE,FALSE,"政党職員",5212,FALSE
446,136,FALSE,"かねもと幸枝",female,59,8,FALSE,FALSE,"政党役員",22931,FALSE
447,136,TRUE,"稲田ともみ",female,58,4,FALSE,TRUE,"弁護士",116969,TRUE
448,136,FALSE,"鈴木こうじ",male,43,6,FALSE,FALSE,"政党役員",64086,TRUE
449,137,TRUE,"高木つよし",male,61,4,FALSE,TRUE,"無職",80895,TRUE
450,137,FALSE,"斉木武志",male,43,6,TRUE,FALSE,"政党役員",55537,TRUE
451,137,FALSE,"さるはし巧",male,63,8,FALSE,FALSE,"政党役員",12873,FALSE
452,138,FALSE,"宮内げん",male,35,8,FALSE,FALSE,"団体職員",21320,TRUE
453,138,FALSE,"にしわき愛",female,32,9,FALSE,FALSE,"団体職員",7119,FALSE
454,138,FALSE,"中谷真一",male,41,4,FALSE,TRUE,"選挙区支部長",105876,TRUE
455,138,TRUE,"中島かつひと",male,50,1,FALSE,TRUE,"医師",107007,FALSE
456,139,FALSE,"いげたまこと",male,48,6,FALSE,FALSE,"無職",9719,TRUE
457,139,FALSE,"長崎幸太郎",male,49,1,FALSE,TRUE,"会社役員",67434,FALSE
458,139,FALSE,"大久保令子",female,67,8,FALSE,FALSE,"政党役員",5414,FALSE
459,139,TRUE,"堀内のり子",female,51,1,FALSE,TRUE,"支部長",70532,FALSE
460,139,FALSE,"小林ひろゆき",male,45,5,FALSE,FALSE,"サルティング共同",22684,TRUE
461,140,FALSE,"小松ゆたか",male,55,4,FALSE,TRUE,"選挙区支部長",85460,TRUE
462,140,TRUE,"しのはら孝",male,69,1,FALSE,TRUE,"無職",131883,FALSE
463,140,FALSE,"橋本まさゆき",male,37,7,FALSE,FALSE,"政党役員",22817,TRUE
464,140,FALSE,"こまむら幸成",male,61,17,FALSE,FALSE,"会社役員",3784,FALSE
465,141,FALSE,"手塚大輔",male,34,7,FALSE,FALSE,"政党役員",34073,TRUE
466,141,TRUE,"下条みつ",male,61,6,TRUE,FALSE,"政党役員",78343,TRUE
467,141,FALSE,"中川ひろじ",male,59,3,FALSE,FALSE,"政党役員",41274,TRUE
468,141,FALSE,"むたい俊介",male,61,4,FALSE,TRUE,"選挙区支部長",67210,TRUE
469,142,FALSE,"木内ひとし",male,53,4,FALSE,TRUE,"選挙区支部長",74722,TRUE
470,142,FALSE,"小金沢ゆか",female,34,8,FALSE,FALSE,"政党役員",34462,FALSE
471,142,TRUE,"井出ようせい",male,39,6,FALSE,TRUE,"政党役員",127542,TRUE
472,142,FALSE,"及川幸久",male,57,9,FALSE,FALSE,"党役員",3687,FALSE
473,143,FALSE,"寺島よしゆき",male,64,6,TRUE,FALSE,"社会福祉法人理事",40863,TRUE
474,143,FALSE,"もうり栄子",female,66,8,FALSE,FALSE,"政党役員",40898,FALSE
475,143,TRUE,"後藤しげゆき",male,61,4,FALSE,TRUE,"選挙区支部長",68673,TRUE
476,144,FALSE,"曽我逸郎",male,61,1,FALSE,FALSE,"無職",48588,FALSE
477,144,FALSE,"なかじま康介",male,40,6,FALSE,FALSE,"会社役員",43425,TRUE
478,144,TRUE,"宮下一郎",male,59,4,FALSE,TRUE,"選挙区支部長",91542,TRUE
479,145,FALSE,"野原のりこ",female,60,9,FALSE,FALSE,"ニック理事",5124,FALSE
480,145,FALSE,"吉田りえ",female,51,1,FALSE,FALSE,"政党役員",43688,FALSE
481,145,TRUE,"野田聖子",female,57,4,FALSE,TRUE,"国務大臣",103453,TRUE
482,145,FALSE,"服部泰輔",male,36,1,FALSE,FALSE,"医師",8113,FALSE
483,146,FALSE,"森桜ふさよし",male,60,8,FALSE,FALSE,"政党役員",38270,FALSE
484,146,TRUE,"たなはし泰文",male,54,4,FALSE,TRUE,"弁護士",117278,TRUE
485,147,TRUE,"武藤ようじ",male,62,4,FALSE,TRUE,"経済産業副大臣",127308,TRUE
486,147,FALSE,"井上さとし",male,50,8,FALSE,FALSE,"政党役員",28093,FALSE
487,147,FALSE,"さかぐち直人",male,54,6,TRUE,FALSE,"政党役員",68404,TRUE
488,148,FALSE,"今井まさと",male,55,6,FALSE,TRUE,"政治団体代表",92370,TRUE
489,148,FALSE,"こみやま恵美子",female,63,8,FALSE,FALSE,"政党役員",18634,FALSE
490,148,TRUE,"金子しゅんぺい",male,39,4,FALSE,FALSE,"秘書",107473,TRUE
491,149,FALSE,"あちは吉信",male,54,6,TRUE,FALSE,"政党役員",57982,TRUE
492,149,FALSE,"おぜき祥子",female,64,8,FALSE,FALSE,"政党役員",20318,FALSE
493,149,TRUE,"古屋圭司",male,64,4,FALSE,TRUE,"選挙区支部長",92113,TRUE
494,150,TRUE,"かみかわ陽子",female,64,4,FALSE,TRUE,"選挙区支部長",96500,TRUE
495,150,FALSE,"青山まさゆき",male,55,5,FALSE,FALSE,"ハウス法律事務所",38531,TRUE
496,150,FALSE,"小池まさなり",male,43,6,TRUE,FALSE,"大学講師",56086,TRUE
497,150,FALSE,"鈴木ちか",female,46,8,FALSE,FALSE,"政党役員",14732,FALSE
498,151,TRUE,"井林たつのり",male,41,4,FALSE,TRUE,"選挙区支部長",130857,TRUE
499,151,FALSE,"松尾つとむ",male,33,6,FALSE,FALSE,"無職",75771,TRUE
500,151,FALSE,"よつや恵",female,65,8,FALSE,FALSE,"政党役員",22173,FALSE
501,152,FALSE,"鈴木望",male,68,6,TRUE,FALSE,"無職",40495,TRUE
502,152,TRUE,"宮沢ひろゆき",male,42,4,FALSE,TRUE,"選挙区支部長",97923,TRUE
503,152,FALSE,"小山のぶひろ",male,41,1,FALSE,TRUE,"団体職員",81568,FALSE
504,153,FALSE,"松原さとし",male,55,8,FALSE,FALSE,"政党役員",18437,FALSE
505,153,FALSE,"田中健",male,40,6,FALSE,FALSE,"無職",57581,TRUE
506,153,TRUE,"望月よしお",male,70,4,FALSE,TRUE,"選挙区支部長",96243,TRUE
507,154,FALSE,"吉川たける",male,35,4,TRUE,FALSE,"選挙区支部長",92467,TRUE
508,154,FALSE,"井口まさひこ",male,63,8,FALSE,FALSE,"政党役員",20750,FALSE
509,154,TRUE,"細野豪志",male,46,6,FALSE,TRUE,"無職",137523,FALSE
510,155,FALSE,"内田ゆたか",male,63,8,FALSE,FALSE,"政党役員",19455,FALSE
511,155,FALSE,"かつまた孝明",male,41,4,FALSE,TRUE,"選挙区支部長",108157,TRUE
512,155,TRUE,"わたなべ周",male,55,6,FALSE,TRUE,"政党役員",108788,TRUE
513,156,TRUE,"城内みのる",male,52,4,FALSE,TRUE,"選挙区支部長",129463,TRUE
514,156,FALSE,"日吉雄太",male,49,5,FALSE,FALSE,"公認会計士",26383,TRUE
515,156,FALSE,"のざわ正司",male,68,8,FALSE,FALSE,"会社員",10980,FALSE
516,156,FALSE,"福村隆",male,54,6,FALSE,FALSE,"無職",29905,TRUE
517,157,FALSE,"げんまけんたろう",male,44,6,FALSE,FALSE,"政党役員",78524,TRUE
518,157,TRUE,"しおのや立",male,67,4,FALSE,TRUE,"選挙区支部長",101858,TRUE
519,157,FALSE,"しまだ初江",female,69,8,FALSE,FALSE,"政党役員",19645,FALSE
520,158,FALSE,"吉田つねひこ",male,42,5,TRUE,FALSE,"医師",57780,TRUE
521,158,FALSE,"佐藤ゆうこ",female,54,6,TRUE,FALSE,"無職",48633,TRUE
522,158,TRUE,"くまだ裕通",male,53,4,FALSE,TRUE,"選挙区支部長",74298,TRUE
523,159,TRUE,"古川元久",male,51,6,FALSE,TRUE,"政党役員",99520,TRUE
524,159,FALSE,"田畑つよし",male,45,4,FALSE,TRUE,"選挙区支部長",71600,TRUE
525,159,FALSE,"酒井ケンタロー",male,31,8,FALSE,FALSE,"政党役員",27423,FALSE
526,160,TRUE,"近藤昭一",male,59,5,FALSE,TRUE,"政党役員",98595,TRUE
527,160,FALSE,"余語さやか",female,39,6,FALSE,FALSE,"無職",35611,TRUE
528,160,FALSE,"池田よしたか",male,51,4,FALSE,TRUE,"選挙区支部長",76220,TRUE
529,161,FALSE,"西田とし子",female,63,8,FALSE,FALSE,"政党役員",29885,FALSE
530,161,FALSE,"牧義夫",male,59,6,FALSE,TRUE,"政党役員",63207,TRUE
531,161,TRUE,"工藤彰三",male,52,4,FALSE,TRUE,"選挙区支部長",76446,TRUE
532,162,FALSE,"ののべ尚昭",male,47,6,FALSE,FALSE,"無職",32179,TRUE
533,162,TRUE,"赤松広隆",male,69,5,FALSE,TRUE,"政党役員",91081,TRUE
534,162,FALSE,"神田けんじ",male,54,4,FALSE,TRUE,"税理士",72651,TRUE
535,163,FALSE,"森本かずよし",male,51,6,TRUE,FALSE,"政党役員",75069,TRUE
536,163,TRUE,"丹羽ひでき",male,44,4,FALSE,TRUE,"選挙区支部長",114894,TRUE
537,163,FALSE,"平山良平",male,69,3,FALSE,FALSE,"政党役員",12764,TRUE
538,163,FALSE,"田上みつのり",male,66,8,FALSE,FALSE,"政党役員",23499,FALSE
539,164,TRUE,"山尾しおり",female,43,1,FALSE,TRUE,"無職",128163,FALSE
540,164,FALSE,"鈴木じゅんじ",male,59,4,FALSE,TRUE,"選挙区支部長",127329,TRUE
541,165,FALSE,"長友ただひろ",male,58,8,FALSE,FALSE,"政党役員",19931,FALSE
542,165,FALSE,"ばんの豊",male,56,1,FALSE,TRUE,"無職",106625,FALSE
543,165,TRUE,"いとう忠彦",male,53,4,FALSE,TRUE,"選挙区支部長",108477,TRUE
544,166,TRUE,"長坂やすまさ",male,60,4,FALSE,TRUE,"選挙区支部長",104419,TRUE
545,166,FALSE,"渡辺ひろし",male,37,8,FALSE,FALSE,"政党役員",25489,FALSE
546,166,FALSE,"岡本みつのり",male,46,6,FALSE,TRUE,"医師",89908,TRUE
547,167,FALSE,"スギモトカズミ",male,57,7,TRUE,FALSE,"会社役員",44258,TRUE
548,167,FALSE,"いたくら正文",male,59,8,FALSE,FALSE,"政党役員",27044,FALSE
549,167,TRUE,"エサキ鉄磨",male,74,4,FALSE,TRUE,"選挙区支部長",88171,FALSE
550,167,FALSE,"安井みさこ",female,52,6,FALSE,FALSE,"政党支部長",66560,TRUE
551,168,FALSE,"本多のぶひろ",male,41,8,FALSE,FALSE,"政党職員",18685,FALSE
552,168,TRUE,"ふるもと伸一郎",male,52,6,FALSE,TRUE,"政党役員",134698,TRUE
553,168,FALSE,"八木てつや",male,70,4,FALSE,TRUE,"選挙区支部長",96978,TRUE
554,169,TRUE,"しげとく和彦",male,46,1,FALSE,TRUE,"無職",149587,FALSE
555,169,FALSE,"宮地いさお",male,63,8,FALSE,FALSE,"政党職員",14378,FALSE
556,169,FALSE,"青山周平",male,40,4,FALSE,TRUE,"選挙区支部長",104811,TRUE
557,170,TRUE,"おおにし健介",male,46,6,FALSE,TRUE,"政党役員",116471,TRUE
558,170,FALSE,"大見正",male,59,4,FALSE,TRUE,"選挙区支部長",109581,TRUE
559,170,FALSE,"下島良一",male,71,8,FALSE,FALSE,"政党職員",19589,FALSE
560,171,FALSE,"金原のぶゆき",male,57,8,FALSE,FALSE,"政党役員",16969,FALSE
561,171,TRUE,"今枝宗一郎",male,33,4,FALSE,TRUE,"選挙区支部長",96303,TRUE
562,171,FALSE,"田中克典",male,43,6,FALSE,FALSE,"政党役員",60955,TRUE
563,172,TRUE,"根本幸典",male,52,4,FALSE,TRUE,"選挙区支部長",95568,TRUE
564,172,FALSE,"せき健一郎",male,39,6,FALSE,FALSE,"会社役員",77224,TRUE
565,172,FALSE,"のざわ康幸",male,29,8,FALSE,FALSE,"団体役員",18574,FALSE
566,173,FALSE,"松田直久",male,63,1,FALSE,TRUE,"政党役員",94045,FALSE
567,173,TRUE,"田村のりひさ",male,52,4,FALSE,TRUE,"無職",109584,FALSE
568,174,TRUE,"中川正春",male,67,1,FALSE,TRUE,"政党役員",122518,FALSE
569,174,FALSE,"川崎二郎",male,69,4,FALSE,TRUE,"無職",104780,FALSE
570,175,FALSE,"坂本マキ",female,33,9,FALSE,FALSE,"HS政経塾塾生",6353,FALSE
571,175,TRUE,"岡田かつや",male,64,1,FALSE,TRUE,"団体役員",147255,FALSE
572,175,FALSE,"野村まさひろ",male,61,8,FALSE,FALSE,"団体役員",11864,FALSE
573,175,FALSE,"島田よしかず",male,47,4,FALSE,TRUE,"選挙区支部長",63406,FALSE
574,176,TRUE,"三ツ矢のりお",male,66,4,FALSE,TRUE,"政党役員",99596,FALSE
575,176,FALSE,"谷中みよし",male,57,8,FALSE,FALSE,"団体役員",15724,FALSE
576,176,FALSE,"ふじた大助",male,41,6,TRUE,FALSE,"政党役員",68978,FALSE
577,177,FALSE,"小坂よし子",female,77,3,FALSE,FALSE,"社会民主党滋賀県",13483,TRUE
578,177,TRUE,"大岡としたか",male,45,4,FALSE,TRUE,"選挙区支部長",84994,TRUE
579,177,FALSE,"かだ由紀子",female,67,1,FALSE,FALSE,"研究者",79724,FALSE
580,178,FALSE,"田島一成",male,55,6,FALSE,TRUE,"政党役員",58718,TRUE
581,178,TRUE,"うえの賢一郎",male,52,4,FALSE,TRUE,"政党役員",73694,TRUE
582,178,FALSE,"あらかわまさし",male,42,9,FALSE,FALSE,"団体職員",2576,FALSE
583,178,FALSE,"たいげつ慈照",male,64,1,FALSE,FALSE,"僧侶",11073,FALSE
584,179,FALSE,"小川やすえ",female,54,6,FALSE,FALSE,"団体役員",48018,TRUE
585,179,FALSE,"石堂あつし",male,43,8,FALSE,FALSE,"政党役員",15502,FALSE
586,179,TRUE,"武村のぶひで",male,45,4,FALSE,TRUE,"公認会計士",78724,TRUE
587,180,FALSE,"西沢こういち",male,39,8,FALSE,FALSE,"党滋賀県４区国政",22896,FALSE
588,180,TRUE,"小寺ひろお",male,57,4,FALSE,FALSE,"会社役員",80114,TRUE
589,180,FALSE,"とくなが久志",male,54,6,FALSE,FALSE,"団体役員",64617,TRUE
590,181,TRUE,"伊吹文明",male,79,4,FALSE,TRUE,"団体連合会会長",88106,FALSE
591,181,FALSE,"こくた恵二",male,70,8,FALSE,TRUE,"党国会対策委員長",61938,TRUE
592,181,FALSE,"しまむら聖子",female,40,6,FALSE,FALSE,"アナウンサー",36134,TRUE
593,182,FALSE,"ちさか拓晃",male,44,8,FALSE,FALSE,"委員会常任委員",28600,TRUE
594,182,FALSE,"しげもとまもる",male,44,4,FALSE,FALSE,"政党役員",40336,TRUE
595,182,TRUE,"まえはら誠司",male,55,1,FALSE,TRUE,"政党役員",65480,FALSE
596,183,TRUE,"泉ケンタ",male,43,6,FALSE,TRUE,"政党役員",63013,TRUE
597,183,FALSE,"金森とおる",male,61,8,FALSE,FALSE,"委員会書記長",26420,FALSE
598,183,FALSE,"森なつえ",female,36,7,FALSE,FALSE,"政党役員",16511,TRUE
599,183,FALSE,"木村やよい",female,52,4,FALSE,TRUE,"看護師",56534,TRUE
600,183,FALSE,"小田切新一郎",male,71,1,FALSE,FALSE,"",2059,FALSE
601,184,FALSE,"吉田幸一",male,43,8,FALSE,FALSE,"日本共産党役員",38219,FALSE
602,184,FALSE,"北神圭朗",male,50,6,FALSE,TRUE,"政党役員",71068,TRUE
603,184,FALSE,"えん田ゆき",female,27,9,FALSE,FALSE,"京都府本部",3606,FALSE
604,184,TRUE,"田中ひでゆき",male,47,4,FALSE,TRUE,"政党役員",83286,TRUE
605,185,FALSE,"井上かずのり",male,55,6,FALSE,FALSE,"無職",19586,TRUE
606,185,FALSE,"中山やすし",male,57,1,FALSE,FALSE,"創生戦略機構代表",30665,FALSE
607,185,FALSE,"山内健",male,49,8,FALSE,FALSE,"国政委員長",21234,FALSE
608,185,FALSE,"鈴木まりこ",female,33,1,FALSE,FALSE,"京都府第５区",7464,FALSE
609,185,TRUE,"本田太郎",male,43,4,FALSE,FALSE,"弁護士",60277,TRUE
610,186,FALSE,"やまのい和則",male,55,6,FALSE,TRUE,"政党役員",100338,TRUE
611,186,FALSE,"かみじょう亮一",male,31,8,FALSE,FALSE,"政党役員",34998,FALSE
612,186,TRUE,"あんどう裕",male,52,4,FALSE,TRUE,"政党役員",101977,TRUE
613,187,FALSE,"井上ひでたか",male,45,7,FALSE,TRUE,"政党役員",66506,TRUE
614,187,TRUE,"大西ひろゆき",male,50,4,FALSE,TRUE,"選挙区支部長",67748,TRUE
615,187,FALSE,"小泉しゅうへい",male,70,18,FALSE,FALSE,"ト",5291,FALSE
616,187,FALSE,"村上のりあつ",male,58,5,FALSE,FALSE,"会社役員",26140,TRUE
617,187,FALSE,"しば山のぼる",male,63,8,FALSE,FALSE,"区国政対策委員長",14498,FALSE
618,188,FALSE,"尾かな子",female,42,5,FALSE,FALSE,"政党役員",48018,TRUE
619,188,FALSE,"しいき保",male,51,7,FALSE,TRUE,"政党役員",68844,TRUE
620,188,TRUE,"左藤章",male,66,4,FALSE,TRUE,"選挙区支部長",91439,TRUE
621,189,FALSE,"わたなべ結",female,36,8,FALSE,FALSE,"党准中央委員",54958,TRUE
622,189,TRUE,"佐藤しげき",male,58,2,FALSE,TRUE,"無職",83907,FALSE
623,189,FALSE,"中条栄太郎",male,48,1,FALSE,FALSE,"役",16231,FALSE
624,190,TRUE,"中山泰秀",male,47,4,FALSE,TRUE,"会 会長",80083,TRUE
625,190,FALSE,"清水ただし",male,49,8,FALSE,TRUE,"党准中央委員",36825,TRUE
626,190,FALSE,"ミノベテルオ",male,56,7,FALSE,FALSE,"自営業",72446,TRUE
627,191,FALSE,"数森けいご",male,38,9,FALSE,FALSE,"幸福実現党職員",9522,FALSE
628,191,TRUE,"国重とおる",male,42,2,FALSE,TRUE,"弁護士",91514,FALSE
629,191,FALSE,"ながお秀樹",male,65,5,FALSE,FALSE,"無職",45313,TRUE
630,191,FALSE,"北山良三",male,65,8,FALSE,FALSE,"策委員長",31429,FALSE
631,192,FALSE,"村上史好",male,65,5,TRUE,FALSE,"政党役員",66536,TRUE
632,192,TRUE,"いさ進一",male,42,2,FALSE,TRUE,"政党役員",104052,FALSE
633,193,FALSE,"奥下たけみつ",male,42,7,FALSE,FALSE,"会社役員",66780,TRUE
634,193,TRUE,"とかしきなおみ",female,55,4,FALSE,TRUE,"環境副大臣",82337,TRUE
635,193,FALSE,"村口くみ子",female,45,8,FALSE,FALSE,"策委員長",39602,FALSE
636,194,FALSE,"松井博史",male,49,5,FALSE,FALSE,"人理事",31197,TRUE
637,194,TRUE,"大塚たかし",male,53,4,FALSE,TRUE,"政党役員",67054,TRUE
638,194,FALSE,"木下智彦",male,48,7,FALSE,TRUE,"政党役員",57187,TRUE
639,194,FALSE,"あらい真",male,57,8,FALSE,FALSE,"区副委員長",15197,FALSE
640,195,FALSE,"服部良一",male,67,3,TRUE,FALSE,"政党役員",44589,TRUE
641,195,FALSE,"あだち康史",male,52,7,FALSE,TRUE,"政党役員",91438,TRUE
642,195,TRUE,"原田けんじ",male,69,4,FALSE,TRUE,"政党役員",93475,TRUE
643,196,TRUE,"元清美",female,57,5,FALSE,TRUE,"無職",75788,TRUE
644,196,FALSE,"おおくま和英",male,48,4,FALSE,TRUE,"選挙区支部長",56483,TRUE
645,196,FALSE,"松浪ケンタ",male,46,7,FALSE,TRUE,"政党役員",44938,TRUE
646,197,TRUE,"平野博文",male,68,1,FALSE,TRUE,"政党役員",76144,FALSE
647,197,FALSE,"いとう信久",male,53,7,FALSE,TRUE,"医療法人理事長",61859,TRUE
648,197,FALSE,"佐藤ゆかり",female,56,4,FALSE,TRUE,"選挙区支部長",69366,TRUE
649,198,FALSE,"藤田文武",male,36,7,FALSE,FALSE,"会社役員",64530,TRUE
650,198,FALSE,"松尾まさのり",male,58,8,FALSE,FALSE,"対策委員長",22858,FALSE
651,198,TRUE,"北川ともかつ",male,65,4,FALSE,TRUE,"選挙区支部長",71614,TRUE
652,199,FALSE,"西野こういち",male,48,1,TRUE,FALSE,"個人事業主",23585,FALSE
653,199,TRUE,"むねきよ皇一",male,47,4,FALSE,TRUE,"選挙区支部長",74662,TRUE
654,199,FALSE,"長岡よしかず",male,48,8,FALSE,FALSE,"対策委員長",16399,FALSE
655,199,FALSE,"青野よしあき",male,43,7,FALSE,FALSE,"政党役員",52033,TRUE
656,199,FALSE,"かん英紀",male,45,5,FALSE,FALSE,"政党役員",14568,TRUE
657,200,FALSE,"小松ひさし",male,60,8,FALSE,FALSE,"対策委員長",36102,FALSE
658,200,FALSE,"谷畑孝",male,70,7,FALSE,TRUE,"政党役員",77696,TRUE
659,200,TRUE,"長尾たかし",male,54,4,FALSE,TRUE,"選挙区支部長",79353,TRUE
660,201,TRUE,"竹本直一",male,76,4,FALSE,TRUE,"選挙区支部長",81968,FALSE
661,201,FALSE,"ため仁史",male,68,8,FALSE,FALSE,"くらし相談室長",30733,FALSE
662,201,FALSE,"うらの靖人",male,44,7,FALSE,TRUE,"団体役員",74368,TRUE
663,202,FALSE,"森山ひろゆき",male,46,5,TRUE,FALSE,"政党役員",65780,TRUE
664,202,TRUE,"北がわ一雄",male,64,2,FALSE,TRUE,"弁護士",77335,FALSE
665,203,FALSE,"岡下昌平",male,42,4,FALSE,TRUE,"選挙区支部長",58534,TRUE
666,203,TRUE,"馬場伸幸",male,52,7,FALSE,TRUE,"政党役員",65427,TRUE
667,203,FALSE,"藤本さちこ",female,42,8,FALSE,FALSE,"１７区国政対策委",26337,FALSE
668,204,TRUE,"遠藤たかし",male,49,7,FALSE,TRUE,"団体役員",87070,TRUE
669,204,FALSE,"やの忠重",male,67,8,FALSE,FALSE,"対策委員長",29164,FALSE
670,204,FALSE,"かみたに昇",male,68,4,FALSE,TRUE,"選挙区支部長",80198,TRUE
671,205,FALSE,"谷川とむ",male,41,4,FALSE,TRUE,"選挙区支部長",57833,TRUE
672,205,TRUE,"丸山ほだか",male,33,7,FALSE,TRUE,"政党役員",66712,TRUE
673,205,FALSE,"北村みき",female,51,8,FALSE,FALSE,"対策委員長",18373,FALSE
674,206,FALSE,"りきしげ智之",male,39,8,FALSE,FALSE,"委員会職員",21454,FALSE
675,206,FALSE,"梅村さとし",male,42,7,FALSE,FALSE,"会理事長",29660,TRUE
676,206,TRUE,"もりやま正仁",male,63,4,FALSE,TRUE,"",71861,TRUE
677,206,FALSE,"いさか信彦",male,43,6,FALSE,TRUE,"",59191,TRUE
678,207,FALSE,"ふなかわ治郎",male,50,1,FALSE,FALSE,"表取締役",41238,FALSE
679,207,TRUE,"赤羽かずよし",male,59,2,FALSE,TRUE,"代表",89349,FALSE
680,207,FALSE,"平松順子",female,68,8,FALSE,FALSE,"委員会職員",39502,TRUE
681,208,FALSE,"ふじたに香恵子",female,65,8,FALSE,FALSE,"",23762,FALSE
682,208,FALSE,"まつき秀一郎",male,33,7,FALSE,FALSE,"",26280,TRUE
683,208,TRUE,"せきよしひろ",male,52,4,FALSE,TRUE,"",72838,TRUE
684,208,FALSE,"よこはた和幸",male,45,6,FALSE,FALSE,"トワーク神戸NP",28852,TRUE
685,209,TRUE,"ふじいひさゆき",male,46,4,FALSE,TRUE,"",120189,TRUE
686,209,FALSE,"佐藤やすき",male,46,1,FALSE,FALSE,"４区総支部長",26635,FALSE
687,209,FALSE,"野口たけみつ",male,43,6,FALSE,FALSE,"",37344,TRUE
688,209,FALSE,"おおすぎ鉄夫",male,69,8,FALSE,FALSE,"地区委員会職員",23513,FALSE
689,210,FALSE,"西中たかお",male,68,8,FALSE,FALSE,"地区委員会職員",24104,FALSE
690,210,FALSE,"梶原やすひろ",male,61,6,TRUE,FALSE,"ーク代表取締役社",69369,TRUE
691,210,TRUE,"谷公一",male,65,4,FALSE,TRUE,"",123360,TRUE
692,211,FALSE,"いくむら奈応子",female,37,6,FALSE,FALSE,"シ顧問",22338,TRUE
693,211,FALSE,"桜井シュウ",male,47,5,FALSE,FALSE,"",69878,TRUE
694,211,FALSE,"いちむら浩一郎",male,53,7,TRUE,FALSE,"バイザリー",38398,TRUE
695,211,TRUE,"大串まさき",male,51,4,FALSE,TRUE,"官",93622,TRUE
696,212,FALSE,"上田さち子",female,69,8,FALSE,FALSE,"",36627,FALSE
697,212,FALSE,"はたなか光成",male,45,6,TRUE,FALSE,"ート株式会社研究",41219,TRUE
698,212,FALSE,"三木けえ",female,51,7,TRUE,FALSE,"院兵庫県第７選挙",41331,TRUE
699,212,TRUE,"やまだ賢司",male,51,4,FALSE,TRUE,"",95558,TRUE
700,213,FALSE,"堀内照文",male,44,8,FALSE,TRUE,"",53964,TRUE
701,213,TRUE,"中野ひろまさ",male,39,2,FALSE,TRUE,"委員長",94116,FALSE
702,214,TRUE,"西村やすとし",male,55,4,FALSE,TRUE,"",122026,TRUE
703,214,FALSE,"きくち憲之",male,61,1,FALSE,FALSE,"部書記長",22497,FALSE
704,214,FALSE,"かわとやすし",male,42,6,FALSE,FALSE,"ンドリーム社",30937,TRUE
705,215,TRUE,"とかい紀三朗",male,69,4,FALSE,TRUE,"",94205,TRUE
706,215,FALSE,"金田峰生",male,52,8,FALSE,FALSE,"委員会職員",24885,FALSE
707,215,FALSE,"つげあつひと",male,45,6,FALSE,FALSE,"取締役",38072,TRUE
708,216,FALSE,"長安たかし",male,49,6,TRUE,FALSE,"",37783,TRUE
709,216,TRUE,"松本たけあき",male,58,4,FALSE,TRUE,"",109381,TRUE
710,216,FALSE,"稲村さとる",male,57,8,FALSE,FALSE,"区委員会職員",20355,FALSE
711,217,FALSE,"池畑こうたろう",male,43,6,FALSE,FALSE,"ーポレーション有",38388,TRUE
712,217,TRUE,"山口つよし",male,63,4,FALSE,TRUE,"",98166,TRUE
713,217,FALSE,"堀ゆずる",male,67,8,FALSE,FALSE,"区委員会職員",19756,FALSE
714,218,FALSE,"井上良子",female,53,8,FALSE,FALSE,"日本共産党奈良県",21782,TRUE
715,218,TRUE,"小林しげき",male,53,4,TRUE,FALSE,"選挙区支部長",90558,TRUE
716,218,FALSE,"よしの忠男",male,58,7,FALSE,FALSE,"大阪経済大学教授",21484,TRUE
717,218,FALSE,"まぶちすみお",male,57,6,FALSE,TRUE,"政党役員",88082,TRUE
718,219,FALSE,"松本まさゆき",male,34,6,FALSE,FALSE,"弁護士",52384,TRUE
719,219,FALSE,"しもとり純一",male,56,8,FALSE,FALSE,"団体職員",30356,FALSE
720,219,TRUE,"高市早苗",female,56,4,FALSE,TRUE,"選挙区支部長",124508,TRUE
721,220,TRUE,"たのせ太道",male,43,4,FALSE,TRUE,"選挙区支部長",122341,TRUE
722,220,FALSE,"所すすむ",male,38,8,FALSE,FALSE,"病院職員",20469,FALSE
723,220,FALSE,"前川きよしげ",male,54,6,FALSE,FALSE,"弁護士",55721,TRUE
724,221,FALSE,"原やすひさ",male,66,8,FALSE,FALSE,"",14372,TRUE
725,221,TRUE,"岸本周平",male,61,6,FALSE,TRUE,"",72517,TRUE
726,221,FALSE,"かど博文",male,52,4,FALSE,TRUE,"",57111,TRUE
727,222,FALSE,"下村まさひろ",male,62,8,FALSE,FALSE,"",16520,FALSE
728,222,FALSE,"栄たかのり",male,53,7,FALSE,FALSE,"",16176,TRUE
729,222,TRUE,"石田真敏",male,65,4,FALSE,TRUE,"",75772,TRUE
730,222,FALSE,"坂田たかのり",male,38,6,FALSE,FALSE,"",21395,TRUE
731,223,FALSE,"くすもと文郎",male,63,8,FALSE,FALSE,"",40608,FALSE
732,223,TRUE,"にかい俊博",male,78,4,FALSE,TRUE,"",109488,FALSE
733,224,FALSE,"塚田なるゆき",male,53,8,FALSE,FALSE,"政党役員",20829,FALSE
734,224,TRUE,"石破しげる",male,60,4,FALSE,TRUE,"無職",106425,TRUE
735,225,FALSE,"福住ひでゆき",male,41,8,FALSE,FALSE,"政党役員",10271,FALSE
736,225,FALSE,"湯原俊二",male,54,6,TRUE,FALSE,"政党役員",53312,TRUE
737,225,TRUE,"赤沢りょうせい",male,56,4,FALSE,TRUE,"支部長",72827,TRUE
738,226,TRUE,"細田博之",male,73,4,FALSE,TRUE,"政党役員",95513,FALSE
739,226,FALSE,"亀井あきこ",female,52,5,FALSE,FALSE,"政党役員",65285,TRUE
740,227,FALSE,"福原宗男",male,70,3,FALSE,FALSE,"農業",35576,TRUE
741,227,TRUE,"竹下わたる",male,70,4,FALSE,TRUE,"選挙区支部長",123332,TRUE
742,227,FALSE,"むこせ慎一",male,46,8,FALSE,FALSE,"党西部地区委員長",22938,FALSE
743,228,TRUE,"あいさわ一郎",male,63,4,FALSE,TRUE,"選挙区支部長",87272,TRUE
744,228,FALSE,"高井たかし",male,48,5,FALSE,TRUE,"会社役員",56757,TRUE
745,228,FALSE,"はちや弘美",female,61,6,FALSE,FALSE,"政党役員",21551,TRUE
746,229,TRUE,"山下たかし",male,52,4,FALSE,TRUE,"弁護士",73150,TRUE
747,229,FALSE,"垣内京美",female,51,8,FALSE,FALSE,"政党役員",13518,TRUE
748,229,FALSE,"たなべ雄治",male,41,9,FALSE,FALSE,"団体職員",1793,FALSE
749,229,FALSE,"津村啓介",male,45,6,FALSE,TRUE,"政党役員",54591,TRUE
750,230,FALSE,"尾崎ひろ子",female,61,8,FALSE,FALSE,"政党職員",15424,FALSE
751,230,FALSE,"内山あきら",male,63,6,TRUE,FALSE,"社会保険労務士",21970,TRUE
752,230,FALSE,"平沼正二郎",male,37,1,FALSE,FALSE,"リブート株式会社",55947,FALSE
753,230,TRUE,"あべ俊子",female,58,1,FALSE,TRUE,"政党役員",59488,FALSE
754,231,TRUE,"橋本がく",male,43,4,FALSE,TRUE,"自由民主党岡山県",93172,TRUE
755,231,FALSE,"柚木みちよし",male,45,6,FALSE,TRUE,"政党役員",72280,TRUE
756,231,FALSE,"平林明成",male,62,8,FALSE,FALSE,"無職",13907,FALSE
757,232,FALSE,"みいみ芳明",male,60,8,FALSE,FALSE,"党西部地区委員長",13649,FALSE
758,232,FALSE,"たるい良和",male,50,6,TRUE,FALSE,"いモード代表取締",26901,TRUE
759,232,TRUE,"加藤勝信",male,61,4,FALSE,TRUE,"選挙区支部長",100708,TRUE
760,233,TRUE,"岸田文雄",male,60,4,FALSE,TRUE,"第一選挙区支部長",113239,TRUE
761,233,FALSE,"大西オサム",male,51,8,FALSE,FALSE,"政党職員",32011,FALSE
762,234,TRUE,"平口ひろし",male,69,4,FALSE,TRUE,"第二選挙区支部長",96718,TRUE
763,234,FALSE,"水野よしひろ",male,26,9,FALSE,FALSE,"本部代表",2403,FALSE
764,234,FALSE,"はいおか香奈",female,34,7,FALSE,FALSE,"政党役員",18128,TRUE
765,234,FALSE,"藤本さとし",male,63,8,FALSE,FALSE,"政党役員",16393,FALSE
766,234,FALSE,"松本大輔",male,46,6,TRUE,FALSE,"政党役員",68309,TRUE
767,235,FALSE,"塩村あやか",female,39,1,FALSE,FALSE,"団体役員",61976,FALSE
768,235,TRUE,"河井克行",male,54,4,FALSE,TRUE,"第三選挙区支部長",82998,TRUE
769,235,FALSE,"野村まさてる",male,35,9,FALSE,FALSE,"本部副代表",2720,FALSE
770,235,FALSE,"今枝仁",male,47,7,FALSE,FALSE,"弁護士法人代表",23779,TRUE
771,235,FALSE,"玉田憲勲",male,60,1,FALSE,FALSE,"医師",1978,FALSE
772,235,FALSE,"西本昭彦",male,72,1,FALSE,FALSE,"農業",1753,FALSE
773,236,FALSE,"中石ひとし",male,54,8,FALSE,FALSE,"東地区委員会常任",10884,FALSE
774,236,FALSE,"空本せいき",male,53,7,TRUE,FALSE,"会社役員",28562,TRUE
775,236,TRUE,"新谷正義",male,42,4,FALSE,TRUE,"医師",64911,TRUE
776,236,FALSE,"落合洋司",male,53,1,FALSE,FALSE,"弁護士",7210,FALSE
777,236,FALSE,"えびす圭二",male,34,1,FALSE,FALSE,"団体役員",20366,FALSE
778,236,FALSE,"上野かんじ",male,35,6,FALSE,FALSE,"るケアサービス社",16803,TRUE
779,237,FALSE,"尾崎ひかる",male,64,8,FALSE,FALSE,"政党役員",14356,FALSE
780,237,TRUE,"てらだ稔",male,59,4,FALSE,TRUE,"第五選挙区支部長",86193,TRUE
781,237,FALSE,"はしもと琴絵",female,28,6,FALSE,FALSE,"政党役員",27912,TRUE
782,238,FALSE,"こじま敏文",male,67,4,FALSE,TRUE,"第六選挙区支部長",69209,TRUE
783,238,FALSE,"寺田あきみつ",male,66,8,FALSE,FALSE,"無職",14585,FALSE
784,238,TRUE,"佐藤こうじ",male,58,6,TRUE,FALSE,"取締役",85616,TRUE
785,239,FALSE,"さとう広典",male,41,6,FALSE,FALSE,"政党役員",54898,TRUE
786,239,TRUE,"小林史明",male,34,4,FALSE,TRUE,"第七選挙区支部長",110547,TRUE
787,239,FALSE,"しげむら幸司",male,66,8,FALSE,FALSE,"委員会委員長",17384,FALSE
788,240,FALSE,"五島博",male,61,8,FALSE,FALSE,"政党職員",17924,FALSE
789,240,TRUE,"高村正大",male,46,4,FALSE,FALSE,"自由民主党山口県",133221,TRUE
790,240,FALSE,"大内一也",male,44,6,FALSE,FALSE,"会社代表取締役",36582,TRUE
791,240,FALSE,"かわい美和子",female,55,9,FALSE,FALSE,"団体職員",5070,FALSE
792,241,FALSE,"松田一志",male,60,8,FALSE,FALSE,"政党職員",40051,FALSE
793,241,TRUE,"岸信夫",male,58,4,FALSE,TRUE,"自由民主党山口県",113012,TRUE
794,242,TRUE,"河村建夫",male,74,4,FALSE,TRUE,"無職",103173,FALSE
795,242,FALSE,"坂本史子",female,62,5,FALSE,FALSE,"党役員",41497,TRUE
796,243,TRUE,"あべ晋三",male,63,4,FALSE,TRUE,"自由民主党総裁",104825,FALSE
797,243,FALSE,"藤田ときお",male,63,6,FALSE,FALSE,"政党役員",18567,TRUE
798,243,FALSE,"西岡広伸",male,54,8,FALSE,FALSE,"政党職員",13721,FALSE
799,243,FALSE,"黒川あつひこ",male,39,1,FALSE,FALSE,"市民団体代表",6687,FALSE
800,243,FALSE,"コオリ昭浩",male,56,1,FALSE,FALSE,"無職",645,FALSE
801,244,FALSE,"山本千代子",female,68,8,FALSE,FALSE,"無職",15622,FALSE
802,244,TRUE,"後藤田まさずみ",male,48,4,FALSE,TRUE,"自由民主党徳島県",90281,TRUE
803,244,FALSE,"にき博文",male,51,6,TRUE,FALSE,"医師",69442,TRUE
804,245,FALSE,"久保たかゆき",male,54,8,FALSE,FALSE,"日本共産党徳島地",25726,FALSE
805,245,TRUE,"山口俊一",male,67,4,FALSE,TRUE,"自由民主党徳島県",81616,TRUE
806,245,FALSE,"福山まさとし",male,46,9,FALSE,FALSE,"団体職員",7671,FALSE
807,246,FALSE,"小川じゅんや",male,46,6,FALSE,TRUE,"前衆議院議員",79383,TRUE
808,246,TRUE,"平井たくや",male,59,4,FALSE,TRUE,"第一選挙区支部長",81566,TRUE
809,247,FALSE,"せと隆一",male,52,4,FALSE,TRUE,"第二選挙区支部長",59949,TRUE
810,247,TRUE,"たまき雄一郎",male,48,6,FALSE,TRUE,"前衆議院議員",82345,TRUE
811,247,FALSE,"河村ただし",male,58,8,FALSE,FALSE,"政党職員",6098,FALSE
812,248,FALSE,"藤田伸二",male,62,3,FALSE,FALSE,"連合常任幹事",36735,TRUE
813,248,TRUE,"大野敬太郎",male,48,4,FALSE,TRUE,"第三選挙区支部長",82125,TRUE
814,249,TRUE,"塩崎やすひさ",male,66,4,FALSE,TRUE,"選挙区支部長",112930,TRUE
815,249,FALSE,"石本憲一",male,70,8,FALSE,FALSE,"政党役員",18675,FALSE
816,249,FALSE,"富永きよ",female,50,6,FALSE,FALSE,"富永ペインクリニ",42600,TRUE
817,250,FALSE,"西岡あらた",male,44,7,TRUE,FALSE,"日本給食設備株式",33894,TRUE
818,250,TRUE,"村上誠一郎",male,65,4,FALSE,TRUE,"選挙区支部長",62516,TRUE
819,250,FALSE,"一色一正",male,67,8,FALSE,FALSE,"政党役員",10525,FALSE
820,250,FALSE,"横山ひろゆき",male,66,6,FALSE,TRUE,"無職",21044,TRUE
821,251,FALSE,"白石ひろき",male,29,4,FALSE,FALSE,"選挙区支部長",53910,TRUE
822,251,FALSE,"国田むつみ",female,65,8,FALSE,FALSE,"無職",6226,FALSE
823,251,FALSE,"森田こうじ",male,57,9,FALSE,FALSE,"団体職員",2641,FALSE
824,251,TRUE,"白石洋一",male,54,6,TRUE,FALSE,"政党役員",70979,TRUE
825,252,TRUE,"山本公一",male,70,4,FALSE,TRUE,"選挙区支部長",80589,TRUE
826,252,FALSE,"桜内ふみき",male,52,6,TRUE,FALSE,"公認会計士",56781,TRUE
827,252,FALSE,"西井直人",male,60,8,FALSE,FALSE,"政党役員",10748,FALSE
828,253,FALSE,"大石宗",male,37,6,FALSE,FALSE,"無職",45190,TRUE
829,253,FALSE,"松本けんじ",male,33,8,FALSE,FALSE,"団体職員",25542,FALSE
830,253,TRUE,"中谷元",male,60,4,FALSE,TRUE,"無職",81675,TRUE
831,254,TRUE,"広田一",male,49,1,FALSE,FALSE,"会社役員",92179,FALSE
832,254,FALSE,"山本有二",male,65,4,FALSE,TRUE,"第２選挙区支部支",71029,TRUE
833,255,FALSE,"山本ごうせい",male,45,5,TRUE,FALSE,"政党役員",51063,TRUE
834,255,FALSE,"石井ひでとし",male,41,6,FALSE,FALSE,"NPO法人理事長",35870,TRUE
835,255,FALSE,"立川孝彦",male,66,8,FALSE,FALSE,"政党役員",14158,FALSE
836,255,TRUE,"井上たかひろ",male,55,4,FALSE,TRUE,"選挙区支部長",97777,TRUE
837,256,TRUE,"おにき誠",male,45,4,FALSE,TRUE,"選挙区支部長",109098,TRUE
838,256,FALSE,"いなとみ修二",male,47,6,TRUE,FALSE,"政党役員",100938,TRUE
839,256,FALSE,"松尾りつ子",female,45,8,FALSE,FALSE,"政党役員",17594,FALSE
840,257,FALSE,"山内康一",male,44,5,TRUE,FALSE,"政党役員",94772,TRUE
841,257,TRUE,"古賀あつし",male,45,4,FALSE,TRUE,"選挙区支部長",136499,TRUE
842,258,TRUE,"宮内ひでき",male,55,4,FALSE,TRUE,"選挙区支部長",104726,TRUE
843,258,FALSE,"かわの正美",male,56,7,FALSE,TRUE,"医師",51426,TRUE
844,258,FALSE,"しんどめ清隆",male,62,8,FALSE,FALSE,"政党役員",32340,FALSE
845,259,TRUE,"原田よしあき",male,73,4,FALSE,TRUE,"弁護士",123758,TRUE
846,259,FALSE,"くすだ大蔵",male,42,6,TRUE,FALSE,"無職",96675,TRUE
847,259,FALSE,"田中ようじ",male,61,8,FALSE,FALSE,"政党職員",24715,FALSE
848,260,FALSE,"西原ただひろ",male,62,9,FALSE,FALSE,"本部総務会長",6093,FALSE
849,260,FALSE,"小林とき子",female,37,8,FALSE,FALSE,"政党役員",17451,FALSE
850,260,TRUE,"はとやま二郎",male,38,4,FALSE,TRUE,"衆議院支部長",131244,TRUE
851,260,FALSE,"新井ふみ子",female,50,1,FALSE,FALSE,"政党役員",43175,FALSE
852,261,FALSE,"江口まなぶ",male,43,8,FALSE,FALSE,"政党職員",19953,FALSE
853,261,FALSE,"はら圭助",male,39,6,FALSE,FALSE,"政党役員",48190,TRUE
854,261,TRUE,"藤丸さとし",male,57,4,FALSE,TRUE,"第７選挙区支部長",91477,TRUE
855,262,TRUE,"あそう太郎",male,77,4,FALSE,TRUE,"政党役員",135334,FALSE
856,262,FALSE,"宮嶋つや子",female,66,8,FALSE,FALSE,"無職",52027,FALSE
857,263,FALSE,"まじま省三",male,54,8,FALSE,TRUE,"委員",29635,TRUE
858,263,FALSE,"おがた林太郎",male,44,6,FALSE,TRUE,"政党役員",78833,TRUE
859,263,TRUE,"みはら朝彦",male,70,4,FALSE,TRUE,"選挙区支部長",91329,TRUE
860,264,FALSE,"田村たかあき",male,56,8,FALSE,TRUE,"委員",30792,TRUE
861,264,TRUE,"山本幸三",male,69,4,FALSE,TRUE,"衆議院第１０選挙",87674,TRUE
862,264,FALSE,"きいたかし",male,44,6,TRUE,FALSE,"政党役員",80073,TRUE
863,265,FALSE,"村上とものぶ",male,48,6,FALSE,FALSE,"自営業",42335,TRUE
864,265,TRUE,"たけだ良太",male,49,4,FALSE,TRUE,"選挙区支部長",81129,TRUE
865,265,FALSE,"たけうち信昭",male,64,3,FALSE,FALSE,"団体役員",22822,TRUE
866,266,FALSE,"岩田かずちか",male,44,4,FALSE,TRUE,"第一選挙区支部支",78972,TRUE
867,266,FALSE,"中島とおる",male,43,9,FALSE,FALSE,"団体職員",5086,FALSE
868,266,TRUE,"原口一博",male,58,1,FALSE,TRUE,"政党役員",105487,FALSE
869,267,FALSE,"大森ひとし",male,62,8,FALSE,FALSE,"政党役員",7920,FALSE
870,267,TRUE,"大串ひろし",male,52,6,FALSE,TRUE,"政党役員",105921,TRUE
871,267,FALSE,"古川康",male,59,4,FALSE,TRUE,"第二選挙区支部支",99103,TRUE
872,268,FALSE,"冨岡勉",male,69,4,FALSE,TRUE,"医師",80049,TRUE
873,268,TRUE,"西岡秀子",female,53,6,FALSE,FALSE,"政党役員",90569,TRUE
874,268,FALSE,"牧山隆",male,60,8,FALSE,FALSE,"政党役員",16011,FALSE
875,269,FALSE,"近藤いちう",male,68,8,FALSE,FALSE,"無職",15261,FALSE
876,269,FALSE,"山口はつみ",male,69,6,FALSE,FALSE,"無職",57538,TRUE
877,269,TRUE,"加藤かんじ",male,71,4,FALSE,TRUE,"農業",97874,TRUE
878,270,FALSE,"すえつぐ精一",male,54,6,FALSE,FALSE,"人ハッピーワーク",35554,TRUE
879,270,FALSE,"石丸完治",male,68,8,FALSE,FALSE,"日本共産党長崎県",12638,FALSE
880,270,TRUE,"谷川やいち",male,76,4,FALSE,TRUE,"第三選挙区支部支",83992,FALSE
881,270,FALSE,"くちいし竜三",male,48,7,FALSE,FALSE,"プランニング",8469,TRUE
882,271,TRUE,"北村誠吾",male,70,4,FALSE,TRUE,"選挙区支部長",73899,TRUE
883,271,FALSE,"宮島大すけ",male,54,6,TRUE,FALSE,"無職",61137,TRUE
884,271,FALSE,"石川さとる",male,65,8,FALSE,FALSE,"政党役員",10459,FALSE
885,272,TRUE,"木原みのる",male,48,4,FALSE,TRUE,"財務副大臣",123431,TRUE
886,272,FALSE,"松野頼久",male,57,6,FALSE,TRUE,"政党役員",96374,TRUE
887,273,FALSE,"西野だいすけ",male,39,1,FALSE,FALSE,"無職",62575,FALSE
888,273,FALSE,"木下じゅんこ",female,58,9,FALSE,FALSE,"販売員",6495,FALSE
889,273,TRUE,"野田たけし",male,76,4,FALSE,TRUE,"無職",86027,FALSE
890,273,FALSE,"和田かなめ",male,68,3,FALSE,FALSE,"大学教員",26074,TRUE
891,274,FALSE,"せきねしずか",female,27,8,FALSE,FALSE,"団体職員",46392,FALSE
892,274,TRUE,"坂本てつし",male,66,4,FALSE,TRUE,"自由民主党熊本県",129312,FALSE
893,275,FALSE,"やがみ雅義",male,57,5,TRUE,FALSE,"会社役員",89279,TRUE
894,275,TRUE,"金子やすし",male,56,4,FALSE,TRUE,"自由民主党熊本県",150453,FALSE
895,276,FALSE,"吉良州司",male,59,6,FALSE,TRUE,"前衆議院議員",87392,TRUE
896,276,FALSE,"小手川めぐみ",female,61,8,FALSE,FALSE,"無職",17082,FALSE
897,276,TRUE,"穴見陽一",male,48,4,FALSE,TRUE,"政党役員",90422,TRUE
898,277,FALSE,"吉川はじめ",male,51,3,FALSE,TRUE,"政党役員",70858,TRUE
899,277,FALSE,"上田あつこ",female,50,9,FALSE,FALSE,"団体職員",8033,FALSE
900,277,TRUE,"えとう征士郎",male,76,4,FALSE,TRUE,"選挙区支部長",89944,FALSE
901,278,TRUE,"岩屋たけし",male,60,4,FALSE,TRUE,"政党選挙区支部長",99412,TRUE
902,278,FALSE,"横光克彦",male,73,5,TRUE,FALSE,"俳優",84133,TRUE
903,279,FALSE,"外山いつき",male,41,6,FALSE,FALSE,"医療法人理事",57047,TRUE
904,279,FALSE,"内田静雄",male,68,8,FALSE,FALSE,"無職",19937,FALSE
905,279,TRUE,"たけい俊輔",male,42,4,FALSE,TRUE,"選挙区支部長",94780,TRUE
906,280,FALSE,"こうの一郎",male,57,9,FALSE,FALSE,"幸福実現党宮崎第",12757,FALSE
907,280,FALSE,"黒木万治",male,69,8,FALSE,FALSE,"日向市議会議員",29831,FALSE
908,280,TRUE,"江藤拓",male,57,4,FALSE,TRUE,"選挙区支部長",98170,TRUE
909,281,FALSE,"井福美年",male,68,8,FALSE,FALSE,"無職",14942,FALSE
910,281,TRUE,"ふるかわよしひさ",male,52,4,FALSE,TRUE,"選挙区支部長",98008,TRUE
911,281,FALSE,"花輪ともふみ",male,51,6,FALSE,FALSE,"無職",28286,TRUE
912,282,TRUE,"川内ひろし",male,55,5,TRUE,FALSE,"政党役員",76699,TRUE
913,282,FALSE,"みやざき一博",male,57,1,FALSE,FALSE,"務所所長",5066,FALSE
914,282,FALSE,"山之内つよし",male,35,7,TRUE,FALSE,"蒲生八幡神社神職",26895,TRUE
915,282,FALSE,"やすおか宏武",male,44,4,FALSE,FALSE,"秘書",74831,FALSE
916,283,FALSE,"はやし健二",male,40,1,FALSE,FALSE,"レント役員",33317,FALSE
917,283,FALSE,"祝迫みつはる",male,74,8,FALSE,FALSE,"無職",16280,FALSE
918,283,FALSE,"さいとうカヨ",female,38,6,FALSE,FALSE,"ＪＡいぶすき職員",43331,TRUE
919,283,TRUE,"金子万寿夫",male,70,4,FALSE,TRUE,"選挙区支部長",97743,TRUE
920,284,FALSE,"野間たけし",male,59,6,FALSE,TRUE,"政党役員",90240,TRUE
921,284,TRUE,"小里やすひろ",male,59,4,FALSE,TRUE,"政党役員",102501,TRUE
922,284,FALSE,"山口ゆうた",male,26,8,FALSE,FALSE,"県委員会青年学生",10605,FALSE
923,285,TRUE,"森山ひろし",male,72,4,FALSE,TRUE,"県連会長",128112,TRUE
924,285,FALSE,"野呂正和",male,66,3,FALSE,FALSE,"団体役員",52891,TRUE
925,286,FALSE,"コクバ幸之助",male,44,4,FALSE,TRUE,"自由民主党沖縄県",54468,TRUE
926,286,TRUE,"あかみね政賢",male,69,8,FALSE,TRUE,"無職",60605,TRUE
927,286,FALSE,"下地ミキオ",male,56,7,FALSE,TRUE,"政党役員",34215,TRUE
928,286,FALSE,"下地れいこ",female,59,9,FALSE,FALSE,"医療法人青天会下",2595,FALSE
929,287,TRUE,"テルヤ寛徳",male,72,3,FALSE,TRUE,"社会民主党国会対",92194,TRUE
930,287,FALSE,"ミヤザキ政久",male,52,4,FALSE,TRUE,"弁護士",64247,TRUE
931,288,TRUE,"玉城デニー",male,58,1,FALSE,TRUE,"政党役員",95517,FALSE
932,288,FALSE,"金城タツロー",male,53,9,FALSE,FALSE,"宗教法人幸福の科",3031,FALSE
933,288,FALSE,"比嘉なつみ",female,59,4,FALSE,TRUE,"自由民主党沖縄県",66527,TRUE
934,289,FALSE,"とみかわやすまさ",male,38,9,FALSE,FALSE,"宗教法人幸福の科",4650,FALSE
935,289,FALSE,"ナカザト利信",male,80,1,FALSE,TRUE,"無職",75887,FALSE
936,289,TRUE,"ニシメ恒三郎",male,63,4,FALSE,TRUE,"経済産業副大臣",82199,TRUE